Country Name,Country Code,electricity,gdp_ppp,gov_effect,internet,literacy,mobile,researchers,rnd_gdp,tertiary,AI_Readiness_Score
Afghanistan,AFG,58.04265702831072,1.0827989276819243,19.060242223739607,7.2388825,25.750502397058614,12.950465411764707,,,3.161234075449078,18.183826080572093
Africa Eastern and Southern,AFE,32.18150550516573,1.7782205615341253,,,61.08401286546869,15.146054903861929,,10.208343290940082,3.540215874797449,20.656392166961336
Africa Western and Central,AFW,42.03903777497001,2.0009220362770064,,,45.9431205139362,19.180075974154615,,2.4391727205595948,4.077507104678616,19.27997268742934
Albania,ALB,99.81371128966244,5.5504252107427225,44.327368557453156,32.59368,97.43749639961158,28.40563713910294,0.744960290022151,1.9190029491721727,21.185498505535605,36.88642003792253
Algeria,DZA,99.12868137598728,7.367192518267124,38.47678751945496,21.692334548387095,71.7437744140625,27.251416747382354,2.444924727600784,3.860620654185992,17.613081477853317,32.17542377590904
American Samoa,ASM,,,59.214075937867165,0.0,,1.2322897324666668,0.933754005352548,5.212303464303697,,13.318484627998014
Andorra,AND,100.0,32.753260806199414,81.37082443237304,57.00777777777778,,33.100251369044116,,,9.87958456294496,52.35194982472323
Angola,AGO,36.56549075276651,4.135412321854623,28.157540988922115,12.233929172413793,63.942658499385544,12.01836708667647,0.13843494718740054,0.4464731272196786,2.908392490112254,17.83852215405982
Anguilla,AIA,,,74.5409264564514,,,,,,,74.5409264564514
Antigua and Barbuda,ATG,98.2457977345532,14.562319826817557,56.23747805058956,40.413000000000004,98.87640449438204,58.85108452433333,,,10.704733047763396,53.9844025254913
Arab World,ARB,85.38848909486079,7.9064072686288975,,,64.40610791072103,24.00496971958156,,10.70715229915041,13.353573247616154,34.29444992342648
Argentina,ARG,97.00410306424172,13.765600928192235,48.24501374140382,35.89440878787879,96.06741573033707,37.608791212808825,5.012216204457975,8.19063693679834,43.65039239063294,42.826508777416855
Armenia,ARM,99.53920649691635,5.271205906308491,45.43845508694649,28.38865870967742,99.7752808988764,28.77579463170588,5.527156515815351,3.758774643069926,23.707488339072544,37.79800235870987
Aruba,ABW,99.4852132742317,21.323959538565223,72.33910590410234,44.94190476190476,96.99999919991366,39.707312040999994,,,17.397671138536463,56.02788083689345
Australia,AUS,100.0,28.072425242278285,83.15996866226195,57.24822580645161,,36.09667139827941,19.462099560149063,32.19298044954514,51.02784636327446,50.907527185279996
Austria,AUT,100.0,32.1273249826383,82.96742115020754,54.12905714285714,,44.97368018604412,23.097231506946862,42.328841840716784,40.29394301723046,52.48968747833015
Azerbaijan,AZE,99.58981000161863,7.5590930555359135,39.32827859222889,38.812266896551726,99.91356957649093,26.66335444647059,8.509741098452633,3.9614185604873775,16.06926585194413,37.822977564420086
"Bahamas, The",BHS,100.0,18.611987288304327,67.72463955879212,45.01566666666667,,29.407106053757573,,,8.600644535183973,44.89334068378411
Bahrain,BHR,99.99683259813443,30.73573307156177,59.22180428504944,52.2143,90.85393327005794,44.15429389929412,1.886901541270936,1.5916724676082876,22.772345496851827,44.82531295886986
Bangladesh,BGD,52.07083837864191,2.138386212343983,34.946926188468936,11.097022535714286,58.15919750574887,19.52233846064706,,,7.726766360573516,26.523067948876935
Barbados,BRB,99.99338761996862,10.173132013418781,72.10903210639954,48.45665833333333,,33.75285281912121,,,26.70588712644184,48.53182500311388
Belarus,BLR,96.58766394080087,10.53639636042817,33.2421879529953,37.72002164285714,100.0,30.809087630808822,7.269267331915149,10.720004970554626,40.320985576586594,40.80062393410518
Belgium,BEL,100.0,30.34386797356272,80.3854069709778,52.60906205882353,,35.84886108270588,19.722059203180667,37.64430783717727,38.77926050879229,49.41660320440251
Belize,BLZ,85.3347659498611,6.2723651311739195,45.78405286073685,29.926014285714285,78.2082546962781,16.951815741166666,,,12.72090239801962,39.314024437564356
Benin,BEN,31.25547122865851,1.3036326012888952,40.044749844074246,7.983489310344828,28.323644696231064,19.670468767264705,,,4.554138591515543,19.019370719911112
Bermuda,BMU,100.0,54.87128487289393,72.69478721618651,62.71,,33.756010797741936,,3.166946833961693,19.185293125474544,49.483474692322666
Bhutan,BTN,77.240989979514,4.598583962756088,59.413263297080995,28.788230769230772,57.050561369135146,19.837237720588234,,,6.212683719185603,36.16307868821298
Bolivia,BOL,80.59840827811205,3.967233478389472,39.63506145477295,23.459293333333335,89.01373283395756,22.617968670272727,0.43451128624226465,4.5845597651293515,,33.038846137526214
Bosnia and Herzegovina,BIH,99.70134667072867,5.8466373012031845,34.23478338718413,35.53836206896552,95.38023359320137,26.831428718838236,1.5655542840546277,2.335470541067811,21.585762976534966,35.89106439353095
Botswana,BWA,42.431728143005735,8.129456794342103,58.671470534801486,22.40811290322581,76.33827009451078,37.88367368089706,0.8382477727442545,7.455795995661508,8.69758399442443,29.20603776817924
Brazil,BRA,96.48641018737892,8.924655220991255,45.31961400210857,32.50562911764706,89.86587095796392,30.09340952894118,2.9059900479357075,18.590472357397374,20.603732983134027,38.36619826705534
British Virgin Islands,VGB,97.81588979867509,,,40.2875,,56.411832014631585,,,25.418455280140073,54.98341927336169
Brunei Darussalam,BRN,100.0,53.68107482360978,69.58481075763703,48.95333333333333,92.86235852187937,35.97707417948529,1.6878195155239786,1.3603296551735071,12.00387727210021,46.23451978430473
Bulgaria,BGR,96.07019530097432,11.395123394887882,49.630148170888425,34.27177625,97.91011167376229,37.49300380489706,8.422676585861753,9.79368456540324,32.80099955388587,41.97641325561787
Burkina Faso,BFA,12.341595757513577,0.7270078500211361,35.67488360404968,4.12479175862069,18.126392461915056,16.9641720435,0.2027867692150069,3.618843445704039,2.194830427380747,10.441700457546661
Burundi,BDI,5.66445735754093,0.28488666662095197,23.969067955017096,2.040734823529412,54.290166521148926,9.17749975832353,0.07531152672505534,2.551077003630403,1.7540121681002445,11.089690420070728
Cabo Verde,CPV,79.24334720200476,3.0638253058172658,50.36134938413108,28.850142857142856,78.00234676746841,25.263578467867646,0.47149252131625946,1.0106754696278897,7.521437371682362,30.42091059411761
Cambodia,KHM,45.07947384333462,1.838306867895694,34.60549602508544,14.396708888888888,73.13304108180357,26.127882183058823,0.0897935114995046,1.3065782351631503,4.4958482241971875,22.341458762325207
Cameroon,CMR,49.61370253998119,2.163830633682038,32.367617797851565,12.657248928571429,68.71396182628159,17.91256417775,,,6.1703890285924485,27.085616418958608
Canada,CAN,100.0,28.747881238473678,85.16593408584595,59.52726470588235,,26.109112146632352,21.195936578481888,30.02420076558423,43.68167606613824,49.306500698379836
Caribbean small states,CSS,94.43424881422612,11.714940464173115,,,87.36000328921202,27.216892030350213,,,8.940460307917487,45.933308981175784
Cayman Islands,CYM,99.98923602242081,44.50428604841646,76.60221624374391,50.10294117647059,98.87640449438204,50.850684363193544,,,19.016875805996012,62.84894916494619
Central African Republic,CAF,9.149237029504182,0.4228954417869773,18.90360069274906,1.555594,33.63716897000088,6.324470750287879,,,1.1741436739154023,10.166730079749197
Central Europe and the Baltics,CEB,99.35405472928257,14.922657263639739,,,98.93364370538949,36.245840734760634,9.730198876926885,15.40931649706204,30.536303203234397,43.590287858613685
Chad,TCD,6.349132751484395,0.9954559080491528,23.309017562866217,3.357243857142857,15.073982593909873,9.62421561764706,0.2533982994053155,4.906382159159085,1.0797973758728117,7.2165140139485295
Channel Islands,CHI,100.0,,,,,,,,,100.0
Chile,CHL,98.03484479513943,12.274829613579065,69.83219709396363,40.89694848484849,95.69181439199188,36.21620343569118,2.109147540054558,5.864788844977181,34.74492997797417,43.962856019802175
China,CHN,99.07841299383271,5.35638484744392,53.70492522753775,27.99902465625,89.04494382022472,25.358094271367648,4.854849760062162,26.06270444542475,15.951915545654984,38.60125061864429
Colombia,COL,95.94983082658513,7.573179554274728,47.10679793264717,31.044387096774194,92.62640449438203,33.095543117588235,0.33890287527704577,3.599229795415964,21.903424829882603,37.026411169203016
Comoros,COM,61.57264921468836,1.26786233951558,18.135155677795385,7.732366666666667,54.64649414748288,14.54194738235294,,,2.731273662847813,22.946821298764238
"Congo, Dem. Rep.",COD,13.668242681355414,0.3967878330393311,16.858891487121593,5.926446275862069,68.96977228171815,9.748916242758066,0.0207961060576415,2.497446359662758,2.9215904750330735,13.445432193623123
"Congo, Rep.",COG,40.24346071374327,4.157995860335651,25.844423866272,7.61528962962963,76.0004393616866,23.27498511392424,0.2522059552658595,6.284712088043227,3.9749093014426626,20.84982465448257
Cook Islands,COK,,,43.917149841785424,,,,,,,43.917149841785424
Costa Rica,CRI,99.24178523583508,9.853432412542837,55.499733451008794,34.35729121212121,96.26966326424242,33.21366391877941,1.7476067075574635,6.612038863638414,26.246601524151142,40.33797962109742
Cote d'Ivoire,CIV,57.037707623640394,2.536371198479389,32.70174087285994,12.870013666666667,45.42888439294806,26.491285936176467,0.289682817835368,1.0693738498144048,4.47065930169471,20.32174662890171
Croatia,HRV,99.98225821806308,15.377030199476748,59.59073508679867,40.89650625,97.9213471716263,34.35343968601471,8.386362595359257,15.097415014535825,29.391971047987756,44.55522947442914
Cuba,CUB,98.14425889212676,,43.30545692872256,24.534106389999998,99.24944331136984,8.224267597941177,10.332136669504107,7.739741949888437,26.885481808630026,39.80186169352286
Curacao,CUW,99.9379037632208,17.81931526322924,,65.0,,55.448679999999996,,,11.569871624676612,49.95515413022533
Cyprus,CYP,100.0,22.13122529581081,72.70333037376405,43.0385,97.01123612650326,42.33743287660294,5.111422064332172,7.474315826521138,32.07657029820112,46.87600365130394
Czechia,CZE,100.0,20.617905357145283,68.33298010826113,46.48628125,,41.13348870772059,13.558182987674245,24.16516129922711,27.750370773497796,42.75554631044077
Denmark,DNK,100.0,33.77987178353288,89.91211347579956,64.16389428571429,,42.66566352666177,30.927366312835282,43.726238838847515,40.61771943893865,55.72410845779124
Djibouti,DJI,58.51644555007975,2.942221409387546,32.10381278991701,18.00226,,7.656425697367648,,,0.8913556643115259,20.018753518510582
Dominica,DMA,91.29281700565019,8.504499161457664,58.0743551671505,41.36389285714286,,34.40404239534848,,,4.319738432241421,39.65989083649852
Dominican Republic,DOM,92.84355825697548,7.904871814733938,41.510993061773476,33.53630666666667,89.83146067415731,23.81953147810294,0.0834879271275249,,30.401104743071034,39.99141432782604
Early-demographic dividend,EAR,76.88556889237107,4.204042344295691,,,67.98096913339599,20.654904723321696,1.474611494610839,11.11125828380583,11.990106421278742,27.757351613297118
East Asia & Pacific,EAS,95.74523858263491,7.11863335113712,,,90.13229339861823,28.1014592070232,6.842162679807535,39.17344548557257,16.964093362211266,40.58247515242926
East Asia & Pacific (IDA & IBRD countries),TEA,95.7042487273963,5.139764271565774,,,90.14296270094404,26.792525868115533,4.458745518418736,23.855335427271527,15.043457798576881,37.30529147318412
East Asia & Pacific (excluding high income),EAP,95.27010060817533,5.0781259989418,,,90.27184954716998,25.47776382395416,4.458745518418736,23.855335427271527,15.067275699144075,37.068456660439374
Ecuador,ECU,96.36366970462633,6.297345952451207,38.36664770841599,26.54748,91.6432584269663,25.70149217125,0.664882353561781,3.4351658007395955,22.394516777903988,34.601606543990584
"Egypt, Arab Rep.",EGY,98.37349830025633,6.473977990716933,41.33888014554977,23.6021455,65.23876404494382,22.269110647411765,3.0710837046383457,8.492208133139718,17.57997037106556,31.82662653752469
El Salvador,SLV,88.54528359736348,4.621575807828553,43.62245090678334,20.220806896551725,83.97003745318352,40.12310868947059,0.30078582510400587,1.8672152419351606,14.450146817865068,33.0801568040095
Equatorial Guinea,GNQ,65.61642660626741,10.872846085839509,26.15159764289857,15.950233333333333,90.09580719337035,9.081376936393939,,,2.2188097063370957,31.42672821492003
Eritrea,ERI,38.74952559592011,,21.378279590606702,3.5230460714285714,60.51330280661136,5.116477484375,,,1.4925257189926653,21.7955262113224
Estonia,EST,100.0,16.638661199266796,70.21436839103698,53.77413636363636,99.95131189010563,44.14511779258823,15.053588334855784,21.250264619069384,34.889380525449425,50.65742545733429
Eswatini,SWZ,53.12054460900813,4.13880351025761,37.7750180721283,17.606434333333333,84.58575988083746,22.050583442602942,0.6585383492824716,4.358309423314248,2.8661196606823762,25.240012364605207
Ethiopia,ETH,29.737368843436087,0.5261884798566231,35.17307941913605,4.605562410714286,30.895713206087624,6.546675971390625,0.18491791576425362,4.800093352599815,1.6804722637152607,12.683341318077845
Euro area,EMU,99.99731723325738,27.10816142562082,,,,39.628759656209354,16.0766300303026,32.835116509041065,35.98040079608293,41.937730941752356
Europe & Central Asia,ECS,99.71184409252326,19.57625854654695,,,97.23974820826385,37.535057896374205,13.491673453152783,30.287897591557307,33.49354980122175,47.33371851280573
Europe & Central Asia (IDA & IBRD countries),TEC,99.42457928146494,11.988981052526713,,,97.63281721983694,34.617341557981895,9.48660353746794,13.741993806875122,32.07391693127373,42.70946191248961
Europe & Central Asia (excluding high income),ECA,99.58000643780808,8.449890553386536,,,95.9829593918139,28.280689316441496,5.240430400862573,10.67830013095472,27.465719518677496,39.382570821420686
European Union,EUU,99.84332416819097,24.771234298460197,,,,38.98249367184342,15.157143611859153,32.57510416811962,34.82767381392719,41.026162288733424
Faroe Islands,FRO,100.0,35.089474921584596,,57.1175,,36.6885032895,9.075359489985482,14.085769668864716,,42.0094345616558
Fiji,FJI,86.44060358208174,5.743669186161785,46.72907150313258,25.1964409375,,24.88012153180303,,,34.30418193372337,37.21568144573376
Finland,FIN,100.0,28.123985474104813,90.40469713211056,60.58179411764706,,47.247724124661765,36.87807059938601,51.865148988240406,50.20019077764273,58.16270140172417
Fragile and conflict affected situations,FCS,48.63721739476481,2.595831162658985,,,58.540257128042974,16.04373320690847,,4.417956840206527,7.452597290632898,22.947932170535775
France,FRA,100.0,26.98134523700952,78.66761016845705,47.59978823529412,,33.75262905775,18.778192548133237,35.91668274882583,33.308879587444316,46.87564094786426
French Guiana,GUF,,,70.95370650291443,,,,,,,70.95370650291443
French Polynesia,PYF,100.0,,,29.812391304347823,,27.640665658838234,,,0.8672332766465912,39.58007255995816
Gabon,GAB,85.22528467839975,11.738194332692272,35.115203058719636,24.236793103448274,80.00902754537174,33.647752125,,8.259614434612343,6.12365187775807,35.54444014450026
"Gambia, The",GMB,41.65645734878459,1.2225007395318186,36.26292178630829,12.793000666666668,42.58757459090442,24.223897623272727,0.30022147531461,0.6478432893450727,1.0809126070410613,17.86392556968547
Georgia,GEO,99.88270710830598,6.189319534168535,53.76957859992981,28.55396,99.69745250230426,33.41642928208824,7.347734736772093,4.0840828703011915,29.82413638409962,40.307266779774416
Germany,DEU,100.0,30.645762949028775,80.75314455032347,55.85937142857143,,40.25785167105882,20.12992883621561,44.5672001933594,35.130096287137086,50.91791948946182
Ghana,GHA,58.92563558918988,2.289791708272663,46.833986507356165,16.9391566,64.57089627726694,25.85701663047059,0.20598543659193647,4.965579202210829,6.698529752947621,25.2540641893674
Gibraltar,GIB,99.92311894494004,,,38.13777777777778,,30.697898025734375,,,,56.2529315828174
Greece,GRC,100.0,18.676225627150192,59.49923522472382,35.71488529411765,93.63295880149813,37.946148554749996,13.083980254874517,13.902625673515917,51.19603929009589,47.07245541341401
Greenland,GRL,100.0,30.522350271104415,67.31604146957396,44.078744,,32.532640960234374,2.9959731147121813,9.21235346903885,,40.951157612094825
Grenada,GRD,89.65899973294275,7.150373232605515,54.4369389494881,27.25379411764706,,26.28492050659091,,,51.930271638621015,42.78588302964923
Guam,GUM,99.98608238205907,,55.500212248414755,37.060320000000004,99.19100986437854,7.553811360366667,1.4253044135603024,4.216191786937025,,43.56184743653091
Guatemala,GTM,83.18637524008243,5.286995737552521,36.07642395496369,17.752333333333333,73.76773384179961,32.139592167749996,0.08902987614209487,0.620083618563042,9.847015273632477,28.75173144931324
Guinea,GIN,29.81729557106187,1.2815644653292317,29.005536270141604,6.671805064516128,23.84456963128365,18.00062165,,,3.4112043219533557,16.004656710612263
Guinea-Bissau,GNB,17.409048120025393,0.9423049727116553,23.115398168563843,7.229232142857143,42.517832423863766,17.867375564705885,,,1.4081216211112788,15.784187573405564
Guyana,GUY,81.27959694166096,7.502041362141634,45.744140695035455,25.691789655172414,84.9163184005223,21.44497767684375,,,6.034681627237737,38.944792336944886
Haiti,HTI,37.42450007541147,1.60071603141975,15.89978451728818,9.577799166666667,54.32197377922829,13.825194707121211,,,,22.10832804618926
Heavily indebted poor countries (HIPC),HPC,32.19893559410935,1.1319138718569053,,,49.44126535076538,13.78440856429199,,,3.258440480488859,19.962992772302496
High income,HIC,99.77906700891992,25.937915230256735,,77.03,,34.25416507106482,17.738711667041752,39.54924907579829,38.89669153325928,47.59797136947726
Honduras,HND,76.00463668316722,2.7200503247175174,36.243915510177615,17.378216666666667,84.06537282941777,21.692659474941177,0.527345105891563,0.6249330292965102,9.767738054408044,27.669429742076012
"Hong Kong SAR, China",HKG,100.0,28.84462028178315,82.8777203559875,52.598558823529416,,74.08309645413236,14.95424445301819,12.488424264904115,35.49202823541719,50.16733660859649
Hungary,HUN,99.9940860726877,15.641067055631645,63.289469194412234,44.19327942857143,98.98876233047316,35.596026302588236,11.456329058085224,18.27501098350553,27.12308221860271,46.06190140495087
IBRD only,IBD,92.38263472315839,5.806295012235422,,,81.99659197517997,25.57663987225018,3.3396039509379007,18.606893580082446,16.08251644458715,34.82731079406164
IDA & IBRD total,IBT,82.20962198946803,4.787631179717747,,,76.6091598238444,23.3043032126675,3.1684338774634315,18.706735839484136,12.87213820225419,31.66543201784278
IDA blend,IDB,65.66897965697856,2.298871050459574,,,56.271837439981425,17.822503929811973,0.8179448661145117,4.22781985252304,4.373775584096561,21.640247482852235
IDA only,IDX,42.426194435334644,1.4100572811980883,,,53.49889025338343,15.710323363821173,,,4.568137776901604,23.522720622127785
IDA total,IDA,49.897123969198624,1.7156147515320053,,,54.41939107487711,16.423205653790294,,,4.5009401841608065,25.39125512671177
Iceland,ISL,100.0,30.33797652993147,83.38417491912844,67.78838235294117,,40.46971444952941,31.766671705320658,39.42964526726892,35.8105333381608,53.623387320285104
India,IND,74.32098406959483,2.509483887843966,50.45305649098009,8.987248354838709,61.42322097378277,17.66118401475,0.8411003145298352,12.057414753211708,11.154465135006415,26.60090644383759
Indonesia,IDN,86.98038433335724,4.7012467825436195,46.143098913133144,17.052701935483874,91.72625127681307,29.17251203732353,1.145361873558654,2.7640131983668876,13.589142782476955,32.586079237006324
"Iran, Islamic Rep.",IRN,99.27529749060481,7.095739740785982,38.29212712049484,26.427096387096775,78.74974454386852,25.819273326897058,5.042055666939591,8.402906776160071,25.080420940914397,34.90940688819578
Iraq,IRQ,98.62599755444148,5.993322151535078,21.594264698028578,20.172583333333332,77.97752808988764,21.46770928970588,1.0608775704403153,0.5691013351717292,8.068430479006839,28.392201611283433
Ireland,IRL,100.0,37.35433830412641,79.96450538635254,48.41075882352941,,37.15767369302941,18.084744075892527,20.776910707981422,34.34168698178766,47.01132724658741
Isle of Man,IMN,100.0,,,,,,,,,100.0
Israel,ISR,100.0,20.58165446059418,73.99683818817141,43.41214705882353,,45.2241274187647,,69.41916415928671,31.770728008899074,54.91495132779137
Italy,ITA,100.0,27.66462660791673,60.21351299285889,37.97413823529411,98.50187265917604,48.7778391845,8.778491396247535,19.860192463453533,33.848909392202756,48.402175881294404
Jamaica,JAM,89.00654175403997,5.355210765129481,55.33095964435488,29.569509677419354,77.52808988764045,32.34315618702941,,0.8246034169677445,11.008672032273111,37.620842920606805
Japan,JPN,100.0,23.192061504699407,78.8599732875824,54.61701176470588,,40.784762833544114,25.989838511552176,51.598373922515414,31.236181309449154,50.78477539175607
"Jersey, Channel Islands",JEY,,,75.37065212543195,,,,,,,75.37065212543195
Jordan,JOR,99.20232196537225,4.946671750975823,52.25734435021877,32.60457,93.03812498456976,26.098721849323532,3.9401811341168846,7.968228646099103,18.844786821313914,37.655661277998895
Kazakhstan,KAZ,99.76787574538548,12.77485360673426,41.89171269834041,34.39200712903226,99.88248160715855,34.69662933780882,2.883948457159808,3.012096929915178,28.129302706235816,39.714545357530056
Kenya,KEN,33.11433455442054,2.199234552769017,39.630813574790956,7.959861740740741,76.33990598528574,21.246128368529412,0.7843862395035682,9.331038699920782,3.7037956564828995,21.589944374715962
Kiribati,KIR,76.18954298611403,1.140502924057504,42.127154134213924,13.299875,97.70753839042754,7.158728776102941,,,,39.60389036848599
"Korea, Dem. People's Rep.",PRK,41.69537915164138,,15.021844959259024,0.0,99.99898417612141,2.516275765625,,,17.376732932177394,29.4348694974707
"Korea, Rep.",KOR,99.99101937795837,18.5053522208863,70.25155112743376,59.16908235294118,98.20224890548192,38.878326283264705,26.166406935408126,54.89175006187221,48.65288747989311,57.189847193904406
Kosovo,XKX,100.0,5.744874138099564,43.16421878006723,86.65,,15.820342857142858,,,,50.27588715506193
Kuwait,KWT,100.0,33.76994719588095,49.86257636640221,46.223659375,92.69662921348315,44.80249361572059,1.1401413494458204,2.3298401336031245,20.197640213868553,43.44699194037827
Kyrgyz Republic,KGZ,99.51293317417287,2.4715982947427455,35.73889436721802,28.085844444444447,99.10112302401541,27.85792043822059,,2.4374494554100625,22.671788411453498,39.734693951209714
Lao PDR,LAO,64.31193564398113,2.438478176176546,34.79967677593232,17.007905925925925,68.34798356694547,15.214245768249999,0.0483579045949285,0.5264558012992212,5.907185844083473,23.17802504524322
Late-demographic dividend,LTE,98.16031880536737,7.279658711800854,,,91.17302752770263,27.59937553976023,5.68178034713393,22.84514026330584,18.530521932533897,38.75283187537211
Latin America & Caribbean,LCN,94.28982801056048,9.083589036005694,,,89.54015102752061,28.98872577990583,2.315671090355981,10.574282485472008,21.260486083360956,36.57896193045451
Latin America & Caribbean (excluding high income),LAC,93.85079905489467,8.791581879793274,,,89.00168016109733,27.82752931083964,2.464079678877646,11.266746133118096,20.04083817107224,36.177607769956126
Latin America & the Caribbean (IDA & IBRD countries),TLA,94.20351989308797,9.028421859571507,,,89.26999532695804,29.378458857018735,2.30857193889014,10.632189247517713,20.996640970260326,36.54539972761492
Latvia,LVA,99.92311894494004,13.355566865095561,63.89826167821883,52.93148275862069,99.95880126953125,35.137073221808826,8.389534981753327,8.9150572901002,37.13560599818348,46.627167000916906
Least developed countries: UN classification,LDC,37.70592194549279,1.2625138229045496,,,50.30181251924243,13.746099320916235,,,3.851167432393288,21.373503008189857
Lebanon,LBN,99.56852971983984,7.164113416443333,40.95946840941905,38.896053333333334,90.2621722846442,18.113210886469698,,,24.70951695634814,45.667580715213944
Lesotho,LSO,24.580670640745442,1.0365081185440386,39.41563874185085,15.25538724137931,79.03062284662482,18.824120427544116,0.03401023579366103,0.5546687214624453,2.807787054621847,20.17104600317406
Liberia,LBR,15.35987230631223,0.5434335239421291,22.346888351440434,7.0099226923076925,38.900246780909896,10.6935499546875,,,6.932175389215955,14.540869856973691
Libya,LBY,80.70950834818,9.40648660933862,23.71933202743529,22.514666666666667,73.59550561797752,35.9840573105625,,,27.18854648683865,39.016871866714176
Liechtenstein,LIE,100.0,,83.66087083816527,75.66666666666667,,43.66371530111111,95.21659486382791,97.4906065530694,21.147618431814234,73.83515323637923
Lithuania,LTU,99.81371128966244,15.412892932881842,65.61963202357293,48.412241379310345,99.93633027380326,44.78409289072059,13.533437888867013,13.410587848974737,36.33292585182028,48.58398359773483
Low & middle income,LMY,82.17367566220403,4.333878801199213,,,76.29093288666196,21.678292985766483,2.8738815398100037,18.660921537822045,12.586723941105422,31.228329622081308
Low income,LIC,29.677348124424316,1.0074923829692506,,10.575,49.17647052268201,14.228514507025045,,,3.9364624079317307,18.100214657505393
Lower middle income,LMC,69.57371023567129,2.6392183071966424,,23.475,62.15270786827476,22.681238947237247,1.300546817346394,9.163798878323925,8.823719687781757,24.976242592729
Luxembourg,LUX,100.0,67.89755029459799,85.02602624893187,61.62444117647058,,47.74448522113236,23.57435794008998,22.42923850275102,7.876470803654833,52.02157127345358
"Macao SAR, China",MAC,99.98766698538554,52.977894898177674,71.79734745025635,46.71335483870968,94.18202260906779,72.23252864777942,7.964751774040003,2.3895836885314994,36.2921441220129,53.837477223773426
Madagascar,MDG,18.738202657429984,0.6653002175589967,32.5024736404419,4.005951724137931,67.19856445900318,10.303633025264707,0.1594151032061183,1.9577102430997075,2.1179574327970285,15.294356500326614
Malawi,MWI,7.309559548251569,0.4932838331900947,36.712356209754944,4.6860025,60.829756233129615,9.27520066589706,0.17103392306174806,,0.30339685188756277,14.972573720646574
Malaysia,MYS,99.40515747783746,12.698128605281674,69.35922298431396,46.32073181818181,92.29534510433386,37.950531512382355,5.477489672891605,14.309421915206308,18.31058625006872,44.01406837116642
Maldives,MDV,95.96596233209497,8.769237803522367,51.49027434587479,28.17752941176471,96.70129459300145,41.156809983882354,,,14.986909839087819,48.17828832988978
Mali,MLI,26.83421711357021,1.0458723777558188,31.053985643386838,8.50030551724138,19.943820224719104,21.607327745939394,0.14499090162191064,4.732559558459612,1.9406458182413513,12.867080544548402
Malta,MLT,100.0,20.780451187842893,69.56865181922913,49.49516666666667,90.99438270826018,37.2710811955,7.94559816362286,9.422439623842376,21.145300503570926,45.180341318726114
Marshall Islands,MHL,85.27837087315862,2.392145726333948,35.367951289211454,16.477596875,97.75280898876406,5.656984202652174,,,20.952384419689515,37.69689176782997
Martinique,MTQ,,,66.50519018173217,,,,,,,66.50519018173217
Mauritania,MRT,34.50029805258252,2.9480632289379445,35.94196238517761,9.843348928571428,53.20326987277255,25.400411985294117,,0.0789849999045507,2.4728341894487125,20.54864670533618
Mauritius,MUS,99.33110216335069,9.643367156330285,65.48681195974349,31.46344827586207,88.28339594580262,35.61083960008824,2.636175429607333,5.208559612098773,14.884839007225667,39.172059905567686
Mexico,MEX,98.09581674620287,11.248288269070114,51.03990727961063,28.228669999999997,92.13483146067416,25.747747706588235,1.4338048984430944,5.685863056831107,16.148663414903556,36.64039920359153
"Micronesia, Fed. Sts.",FSM,66.61341618566658,1.8233818221270388,47.39928272366524,17.246115384615386,,6.044051774193549,,,8.025868096881727,24.52535266452492
"Middle East, North Africa, Afghanistan & Pakistan",MEA,90.68091075311968,6.374225855333861,,,69.55608499026503,26.47882911572026,3.3027568689884057,17.168066780658172,16.328288971274933,32.84130904790862
"Middle East, North Africa, Afghanistan & Pakistan (IDA & IBRD)",TMN,89.87240082322153,4.349357081226927,,,66.69304186511498,23.92050370423867,2.9154154025967904,7.202671206451561,15.671174953900277,30.089223576678673
"Middle East, North Africa, Afghanistan & Pakistan (excluding high income)",MNA,89.93671300831785,4.337340370015521,,,66.92753178507621,23.190215603870023,2.9134528260762993,7.203445529463824,15.730542484901836,30.03417737253165
Middle income,MIC,86.51299220580985,4.631423150431935,,,78.2597785742962,22.790025171880004,3.25123153558926,19.393155433879855,13.552727645243957,32.62733338816158
Moldova,MDA,99.60376687007567,5.578752446630963,38.83970272541046,29.663516935483873,98.35205935360341,27.236895464911765,3.960444384096122,6.193660401908688,32.56607286726613,37.999430161043016
Monaco,MCO,100.0,,88.39791033003065,72.82916666666667,,28.989844243941178,1.4377015694587345,0.542086559160277,32.015696812114456,46.31605802591027
Mongolia,MNG,84.67233247469937,5.318214960918836,41.87761689424515,22.58630807692308,97.72369299042091,29.332292685588236,2.5469198597597913,3.2189234674475875,26.218536953467307,34.83275981816337
Montenegro,MNE,99.55054152426493,11.001772332078886,51.811061422095484,56.32000000000001,96.96952905547754,82.028325,3.5515347012523595,10.248467346179279,27.665937768937884,48.794129905587376
Morocco,MAR,82.78092302562358,3.511911216306982,46.05897989869118,36.534433,57.071628999174315,32.03542297925,4.020586560576801,8.33466367074529,11.831905708847245,31.353383895468383
Mozambique,MOZ,17.85931502436878,0.31622426115341745,36.74710924625397,5.097839310344828,46.62921348314607,10.916211319227273,0.10406556725072358,5.143636509907472,1.9568398209497144,13.863383838066916
Myanmar,MMR,56.06124496505104,1.5378204774706017,22.370241832733154,13.90333868,82.97797785269633,16.664580652352942,0.07779132851962543,1.185811111835451,5.701881721884414,22.275632069171504
Namibia,NAM,41.786833787966245,5.13423714275299,53.75392774045467,17.820899999999998,81.51383989312676,25.52874994402941,0.9027815680280937,6.205948794371253,8.384262693623196,26.781275729372513
Nauru,NRU,99.3418984917438,6.347620635109888,45.43758618207101,45.965,,19.776290375545454,,,,43.37367913689403
Nepal,NPL,60.416979503977416,1.463256152272373,33.170488357543945,11.295201029411764,52.689795904838185,20.772341595181818,0.2680519788806924,3.32296827904189,5.723401050345171,21.013609316832586
Netherlands,NLD,100.0,33.30385104675432,86.48501663208006,62.00691176470588,,39.766775242485295,19.23108745331497,31.99841647326629,36.156250374895066,51.118538623437736
Netherlands Antilles,ANT,,,66.3730306625366,,,,,,,66.3730306625366
New Caledonia,NCL,99.98608238205907,,,31.80770347826087,96.23595677065043,23.842650165833334,,,,62.968098199200924
New Zealand,NZL,100.0,22.728587992234043,83.9040936470032,59.772939393939396,,37.786965720941176,19.047359619274616,19.90972094508597,40.90772922521154,48.00717456796124
Nicaragua,NIC,77.99514905188346,2.9572591336567466,33.285655403137206,14.24371935483871,76.63466207097086,25.04376239425,0.3259778622674285,1.305307312985429,9.49699587745161,26.809832051271272
Niger,NER,11.346848567381448,0.5021024706826787,34.45937914848328,4.385477142857143,19.1292130545284,9.532530073984848,0.027251094703376,,1.2448402548815114,10.078455225937835
Nigeria,NGA,47.7920654718767,2.3469967239483736,29.21879816055298,13.492594137931034,54.1686276945601,18.524684240455883,0.11926353334656936,3.3738236731653437,5.9221835632084066,19.439893022116152
Niue,NIU,,,42.65403423990521,,,,,,,42.65403423990521
North America,NAC,100.0,33.024993094988616,,,98.54954208774069,31.887424400305605,18.882168351124506,44.6130900662742,48.14941578227996,53.586661968959085
North Macedonia,MKD,99.67473399782331,8.747279572504924,45.65831454917789,42.386023333333334,95.35580467195547,29.366693517058824,3.311511985621164,5.277165069721566,18.89273468505378,38.74114015358336
Northern Mariana Islands,MNP,99.9606498145069,,,0.0,,5.967551189,,,,35.3094003345023
Norway,NOR,100.0,45.51282460609837,87.47222223281862,66.09961764705884,,39.912102168651515,27.73720781251615,28.635305933088645,42.82050956066085,54.773723745111624
OECD members,OED,99.67874537910845,24.40943450232641,,,96.83023517051438,34.948751243050246,15.999690650383343,39.68621057026558,36.202826155914295,49.67941338165182
Oman,OMN,99.9940860726877,23.00544234289853,54.983839619159696,42.5201,89.8876404494382,38.568939119088235,1.4351562184776847,3.7374679424827337,14.35989176520639,40.943618169937686
Other small states,OSS,82.69720946167752,10.598929881742913,,,78.46225352769488,30.4875161468075,,18.26337250207323,8.292166585794618,38.133574684298445
Pacific island small states,PSS,71.405087928235,3.3839123624908853,,,,16.745080458058972,,,7.560655994850595,24.773684185908866
Pakistan,PAK,84.62272210599447,2.1221731697811443,37.3891163110733,8.757238379310344,48.95666131621188,15.889605590397059,1.112322754026446,3.568947695743222,4.392116408347673,22.978989303431728
Palau,PLW,98.48861378458649,9.63824915954235,47.982653845101595,17.2,98.31460674157303,41.83312368421053,,,26.107147489303596,48.50919924347394
Panama,PAN,85.12308451976273,12.153514486278295,52.21694948673248,31.617507741935484,92.35955056179776,40.45265708839706,0.5391334100154832,3.299215438777491,23.82231913156477,37.95377020725128
Papua New Guinea,PNG,14.744121090889509,1.8451024171207329,36.49315917491913,6.3372882142857145,58.30100413118854,8.896699455691177,0.1358281104595398,0.4346669586706337,1.6045462790452871,14.31026842580781
Paraguay,PRY,94.91154203174227,6.763530759378052,33.144606137275694,28.51948275862069,93.34485738980122,32.16249920227941,0.5999094922092426,1.4717446438893538,13.859747068768776,33.864213275996086
Peru,PER,82.46788338574427,5.9232067925449865,43.14081662595272,29.198738709677418,90.63670411985021,28.57406540361765,,1.836542648514423,20.910549762266687,37.836063431021046
Philippines,PHL,82.99385585942693,3.354591399314691,50.404986484348775,22.281204516129034,94.63171036204744,30.362321120558825,0.46827168208036773,2.3153968403496923,18.87544916361337,33.96530971420768
Poland,POL,99.97043036343848,14.316237687604511,60.37513291835785,40.79836264705882,99.77528432781776,38.43759518283824,10.062046566959886,13.75678555837635,34.002705295775506,45.721620060914155
Portugal,PRT,100.0,19.860300127713227,71.29828977584837,39.6385,92.05243399973669,40.386170176808825,15.95620117388454,18.678120802370728,29.303859927231386,47.463763998177086
Post-demographic dividend,PST,99.91722826287443,26.93025834209789,,,,36.32540481764409,18.693108817243775,41.086477246482126,40.28797038197122,43.873407978052256
Pre-demographic dividend,PRE,35.84515464685718,1.7280626039591176,,,52.474697992963975,15.300677509854928,,,3.50883489726148,21.771485530179337
Puerto Rico,PRI,,,58.11958080530166,,,,,,,58.11958080530166
Puerto Rico (US),PRI,99.99926500033632,21.747230095528252,,37.247596551724136,90.56179818142667,29.101124144750003,1.4599668998255886,7.219007493077508,54.58213512960911,42.7397654370347
Qatar,QAT,100.0,59.237417747490184,64.7307874441147,50.95733333333333,93.03370786516854,40.806100746750005,3.494062159257713,9.093834376517737,10.6661133831746,48.00215078397854
Reunion,REU,,,69.71535724401473,,,,,,,69.71535724401473
Romania,ROU,98.27609018846353,13.522092721690804,46.487605043128134,33.6794375,97.75280898876406,33.14978891432353,4.809227666209923,7.577534727283857,24.521651036022693,39.975137420654065
Russian Federation,RUS,99.21936159477593,16.661752780457405,41.58963457942009,36.83460221212121,99.62546816479401,43.05182478755882,15.620127573952574,17.775708838684736,38.94388476930871,45.480262811230396
Rwanda,RWA,19.02185675932638,0.6797767650882006,44.067696345597504,9.195082607142856,66.27852943506133,15.054394388941176,0.17334352950792212,12.117186279010573,3.0063041594950013,18.843796696574547
Samoa,WSM,92.29991450674216,2.913373138193782,56.99605217855424,18.305928571428574,98.339959476771,11.913825033,,,7.759615127121769,41.218381147401644
San Marino,SMR,100.0,40.05492256899905,81.73171758651733,46.43565217391304,100.0,34.24810820595312,,,34.51281746104417,62.42617399948953
Sao Tome and Principe,STP,63.93662483593521,2.3746894249640724,35.75782186985016,23.336629629629627,81.03461676322566,17.173171029411765,,,6.222946873184558,32.83378577517158
Saudi Arabia,SAU,99.9940860726877,33.50426013000026,50.26386533677578,42.05516,85.01872659176031,45.288380126117644,4.1931587836462905,6.326438156526704,20.86351885290389,43.05639933893539
Senegal,SEN,49.41402297123098,1.6567979552424372,44.3801372691989,16.224269766666666,40.53135366313182,23.735194109088237,1.8405243342695954,7.1442350716183185,5.76135672576367,21.187543540690072
Serbia,SRB,99.86693663547317,9.476309759916514,45.31562237618491,55.635000000000005,97.75280898876406,59.6815925,9.333439063912687,12.027903917610253,33.24981072351792,46.92660266281994
Seychelles,SYC,96.77247650049407,12.935103222105337,62.13332409858704,40.00682142857143,91.62921262591072,41.027206764970586,0.701579152458907,5.398915951877771,12.065740287824225,40.296708892533346
Sierra Leone,SLE,17.115815890790344,1.1277900891941446,24.949248218536386,4.7872125,33.590366492110704,16.787011783333334,,,0.9757499645231011,14.190456419784
Singapore,SGP,100.0,50.2163094294272,93.60988540649414,53.46194117647059,95.50561797752809,48.78325502666176,28.295648438185296,32.8003330629364,54.59735384824666,61.91892715177224
Sint Maarten (Dutch part),SXM,99.9379037632208,27.2586563654592,,,,100.48249999999999,,,2.315591139586735,57.49866281706668
Slovak Republic,SVK,99.9940860726877,14.814039241292354,63.27093882560731,51.84190909090909,,37.42566783332353,12.107025541864019,11.992805522090881,24.67482511413651,39.515162155238926
Slovenia,SVN,100.0,19.921590630036192,69.63117737770081,48.760625,99.77528004164107,37.63172058510294,17.34555721125968,29.616740261119407,39.1668183885068,51.31661216615188
Small states,SST,84.09338859470178,9.917975871126286,,,81.0255863772113,29.288958947644833,,13.084132059548775,8.599943580283112,37.668330905086016
Solomon Islands,SLB,39.45676053302409,1.1768418513556231,31.72363460063935,9.791363333333333,74.15730337078651,11.831412634348483,,,,28.02288605391456
Somalia,SOM,34.9401463964351,0.2888862402178798,7.9465884208679105,2.4506608,48.31460674157304,8.830710779411765,,,,17.128599896417615
South Africa,ZAF,80.23429762548103,7.024521081285968,55.622608083486554,25.677711764705883,90.2375696303693,38.774696191941175,1.9728577284843203,11.43253867265042,11.188280650771013,35.79612015879729
South Asia,SAS,71.98638695599794,2.490485754403743,,,56.80481267148741,17.74771544132057,0.8372029640279854,11.871614493032645,8.66204841169849,24.34289524170983
South Asia (IDA & IBRD),TSA,71.98638695599794,2.490485754403743,,,56.80481267148741,17.74771544132057,0.8372029640279854,11.871614493032645,8.66204841169849,24.34289524170983
South Sudan,SSD,4.016959721314105,,6.863375810476431,4.52125,22.203796901059945,13.428376923076922,,,0.4980045852464171,8.588627323528971
Spain,ESP,100.0,23.225934956969905,73.16025519371034,46.355423529411766,97.6123595505618,37.97557378133824,12.362642366973043,19.08177269656371,40.99871326007973,50.085852815067625
Sri Lanka,LKA,87.76802700905223,5.049057267788182,46.29008214734495,13.12319,90.60265577119509,27.726619986588236,0.5252522683078688,2.0547502994495157,10.578473025130103,31.524234197206244
St. Kitts and Nevis,KNA,96.78334363671237,13.044253972723368,64.8762107938528,43.8351724137931,,49.49237108548276,,,26.17397569031191,49.034221265479395
St. Lucia,LCA,94.94383856161852,11.229536810763639,59.38405844196676,32.7356,,32.34011720318333,,6.957414611689021,8.918088441625653,35.215522010120985
St. Martin (French part),MAF,99.9379037632208,,,,,,,,,99.9379037632208
St. Vincent and the Grenadines,VCT,87.5396305443902,6.903470341302222,60.9294096454978,29.102933333333333,,31.88532854240909,,1.1897635475370834,14.6767651515796,33.17532872943562
Sub-Saharan Africa,SSF,36.040291159529176,1.8675997144031402,,,55.010365336759165,16.784273106422486,,7.284375406527884,3.7539341764366543,20.123473150013087
Sub-Saharan Africa (IDA & IBRD countries),TSS,36.040291159529176,1.8675997144031398,,,55.010365336759165,16.784273106422486,,7.284375406527884,3.7539341764366543,20.123473150013087
Sub-Saharan Africa (excluding high income),SSA,36.762750032306194,2.0144002533878664,,,55.00498605893294,16.164188647218744,,7.4021005325969345,3.7540768574160572,20.183750396976457
Sudan,SDN,37.73363538890021,1.756280479851905,22.257320308685312,6.394717368421053,53.44463734144577,15.668526230969698,,5.715687441219607,7.305575827803355,18.784547548412114
Suriname,SUR,95.72212287682187,10.951820904223391,42.85214341506362,28.011033333333334,92.80898876404495,35.822950318588234,,,5.345047124196645,44.502015248038866
Sweden,SWE,100.0,29.688841807698868,86.44232034683229,64.35335294117647,,43.90657802870588,30.94612635513291,55.71505176695191,38.91456149579227,56.245854092786324
Switzerland,CHE,100.0,40.798445515499964,89.16260108947753,59.691647058823534,,41.90182133723529,22.24995810533029,46.90258801070273,28.730967643921872,53.6797535951239
Syrian Arab Republic,SYR,90.72967252432625,3.722418819270519,25.744603705406192,11.724876666666667,84.353933441505,17.188616563691177,0.5266963482253049,0.6784395857076929,14.424221366489622,27.677053224587603
"Taiwan, China",TWN,,,73.02362585067749,,,,,,,73.02362585067749
Tajikistan,TJK,98.99463235690841,1.2010119359672393,29.258049249649048,14.657470833333333,99.26966120687766,22.82160124845455,,1.471515555622416,14.284679756051556,35.24482776785803
Tanzania,TZA,18.02961947287475,1.1532898834392582,37.918922996521,6.552029655172413,71.86981886960149,16.919434119338234,0.10898433563065721,6.684237389294392,1.2479547288662465,17.831587938970937
Thailand,THA,96.77863451026069,8.59077290294082,54.25668418109417,25.635394005882354,92.41015916460017,38.827049877102944,4.29717172043616,8.502506787476607,24.488194069330333,39.309618579902704
Timor-Leste,TLS,57.47713772907171,1.8824816655109153,29.830467863516365,14.414238095238096,51.1638495627414,31.926135681818185,,,10.928249541089166,28.231794305569405
Togo,TGO,36.254780591966096,0.9638848088008828,26.99857969284057,6.971702941176471,54.6816479400749,14.801223284485294,0.14960199583027062,2.7923000541615584,4.6033032523544595,16.468558284632277
Tonga,TON,91.54364538869848,3.0986705522188926,45.431472283322364,18.22751851851852,97.1801397773657,16.49833727560606,,,8.96216709342493,40.13456441273642
Trinidad and Tobago,TTO,98.65113174551878,15.182689790606819,54.92216802984476,41.482366666666664,97.1348323179095,38.582065116691176,2.579259570179918,1.2604651420950999,4.389984190526484,39.35388473000435
Tunisia,TUN,97.55360540181046,5.806150959444625,52.72781602796167,29.03799612903226,76.70674613352573,31.797099700029413,8.045474363447914,10.88965772710521,15.11225640428754,36.4085336496272
Turkiye,TUR,99.89946323569085,11.359018790185743,51.68782655633986,34.755941212121215,90.93632958801498,28.322461890970587,4.733726322485422,13.177340437776504,33.73601436692682,40.95645804450133
Turkmenistan,TKM,99.81568259876654,5.068854658887976,26.11688566207886,5.02805,99.10112445274098,18.77032867182258,,1.8218098554849518,8.793780498690811,33.064564549809084
Turks and Caicos Islands,TCA,96.35731080495425,12.3071928875468,,0.0,,12.14052,,,6.901367503555579,25.541278239211326
Tuvalu,TUV,97.22686091780567,1.9599149997112624,38.94463582709431,25.8816,,12.9440240625,,,,35.391407161422244
Uganda,UGA,17.74355327764913,0.8422414251078781,38.47543470859527,3.621484814814815,65.92155934145515,13.324296227558824,0.10457601236232557,4.721443797235391,1.81848315387064,16.285896973183267
Ukraine,UKR,99.85510878084857,8.57000191777236,37.757673382759094,26.32928365625,99.61586141407713,35.46425521785294,5.435557631779816,12.292314364637209,39.42993825173388,40.52777717974567
United Arab Emirates,ARE,100.0,47.12971751555116,71.82720212936401,57.54626666666666,95.5056179775281,55.826929287750005,12.284595911959459,17.583038410622283,34.73382863664949,54.715244059565684
United Kingdom,GBR,100.0,25.781220288399002,81.64948387145996,57.55565882352941,,41.5067876729853,18.505533777322622,31.327882115392278,33.77408801822642,48.76258182091438
United States,USA,100.0,33.500639513673896,80.16360902786255,56.206911764705886,,32.53244078408824,18.62578484323567,45.89190616382267,48.71354622525787,51.95435479033085
Upper middle income,UMC,97.75410227278057,6.611311368186219,,46.67,89.68744901971004,29.968522003497675,4.463037214752112,20.72006260333466,17.773937466811986,39.20605274363416
Uruguay,URY,98.48570214083365,12.765019624157755,60.83685576915741,40.094919354838716,98.10393258426967,37.467644593220584,3.2101080566544384,6.3040078837479845,29.359051653105297,42.95858240666506
Uzbekistan,UZB,99.69635054548257,2.945236467312757,33.356276607513415,24.994327333333334,99.87515605493134,19.50224936813235,2.709688929740351,3.136071806579571,8.198574147377284,32.71265902893366
Vanuatu,VUT,38.66106572060118,1.5729810410618599,40.93572689592838,15.024441379310344,76.38202110033357,16.87870561032353,,,2.6356000831990634,27.44150597582256
"Venezuela, RB",VEN,99.08785507382314,,25.83167185783384,20.714822222222224,94.46629192052262,25.353896676367647,0.9158356068859228,4.846395040032322,25.738291732534254,37.119382516277746
Viet Nam,VNM,94.92365395984585,3.738831333794594,46.72863623797893,30.83276603448276,92.35955056179776,32.753921730500004,3.0604786376241417,5.27410774866871,10.046779932066697,35.524302908528824
Virgin Islands (U.S.),VIR,100.0,29.035736097638864,70.65010780096054,26.73564,,25.772896708214287,,0.5356568899973638,26.362352675492488,39.87034145318622
West Bank and Gaza,PSE,99.57038975043271,2.638129226131265,33.025079965591424,39.8912,94.44444444444444,22.61136119642857,1.2010269915609435,4.960357923256315,23.016589436286818,35.70650877045917
World,WLD,84.01071090007927,8.472664590097656,,40.63,80.14115927948987,29.39583643829725,6.376245441071989,34.830418160868675,16.13102370180128,37.498507313963245
"Yemen, Rep.",YEM,58.105861817203134,,21.857336139678956,8.455575875,38.820223861865784,11.466563534911765,,,5.147859206704814,23.975570072560743
Zambia,ZMB,25.828370680930206,1.3691337342792003,34.13615322113037,7.125585806451613,68.66121858501894,17.821240399191176,0.22830578387778644,0.7591824319455016,1.791651741572527,17.524538042710816
Zimbabwe,ZWE,38.39534367451152,1.6577995728131694,26.26023206710816,11.12915870967742,86.3716125488281,18.785172369382355,0.4450248511983659,,4.55476044552651,23.4498880298807
