Country Name,Country Code,electricity,gdp_ppp,gov_effect,internet,literacy,mobile,researchers,rnd_gdp,tertiary,AI_Readiness_Score,Rank
Singapore,SGP,100.0,50.2163094294272,93.60988540649414,53.46194117647059,95.50561797752808,48.78325502666176,28.295648438185296,32.8003330629364,54.59735384824666,78.64758533709173,1.0
"Korea, Rep.",KOR,99.99101937795837,18.5053522208863,70.25155112743376,59.16908235294118,98.20224890548192,38.87832628326471,26.166406935408126,54.89175006187221,48.65288747989311,71.7373088292478,2.0
"Macao SAR, China",MAC,99.98766698538554,52.97789489817768,71.79734745025635,46.71335483870968,94.1820226090678,72.23252864777942,7.964751774040003,2.3895836885314994,36.2921441220129,70.93690860523697,3.0
San Marino,SMR,100.0,40.05492256899905,81.73171758651733,46.43565217391304,100.0,34.24810820595312,,,34.51281746104417,70.40386892682479,4.0
United Arab Emirates,ARE,100.0,47.12971751555116,71.82720212936401,57.54626666666666,95.5056179775281,55.826929287750005,12.28459591195946,17.583038410622283,34.73382863664949,70.34200945061819,5.0
Spain,ESP,100.0,23.225934956969905,73.16025519371034,46.355423529411766,97.6123595505618,37.97557378133824,12.362642366973043,19.08177269656371,40.99871326007973,69.4453780916309,6.0
Estonia,EST,100.0,16.638661199266796,70.21436839103698,53.77413636363636,99.95131189010564,44.14511779258823,15.053588334855784,21.250264619069384,34.889380525449425,69.31365599649271,7.0
Slovenia,SVN,100.0,19.921590630036192,69.63117737770081,48.760625,99.77528004164108,37.63172058510294,17.34555721125968,29.616740261119407,39.1668183885068,68.83544858896506,8.0
Lithuania,LTU,99.81371128966244,15.412892932881842,65.61963202357293,48.412241379310345,99.93633027380326,44.78409289072059,13.533437888867011,13.410587848974735,36.33292585182028,67.95044935147041,9.0
Cayman Islands,CYM,99.9892360224208,44.50428604841646,76.60221624374391,50.10294117647059,98.87640449438204,50.85068436319354,,,19.01687580599601,67.82295807834112,10.0
Cyprus,CYP,100.0,22.13122529581081,72.70333037376405,43.0385,97.01123612650326,42.33743287660294,5.111422064332172,7.474315826521138,32.07657029820112,67.53098716604218,11.0
Latvia,LVA,99.92311894494004,13.35556686509556,63.89826167821883,52.93148275862069,99.95880126953124,35.137073221808826,8.389534981753327,8.9150572901002,37.13560599818348,67.18877031288162,12.0
Montenegro,MNE,99.55054152426491,11.001772332078886,51.81106142209549,56.32000000000001,96.96952905547754,82.028325,3.5515347012523595,10.24846734617928,27.665937768937884,66.6472724490467,13.0
Greece,GRC,100.0,18.676225627150192,59.49923522472382,35.71488529411765,93.63295880149812,37.94614855475,13.083980254874517,13.902625673515915,51.19603929009589,66.20671180938652,14.0
Chile,CHL,98.03484479513943,12.274829613579064,69.83219709396363,40.89694848484849,95.69181439199188,36.21620343569118,2.109147540054558,5.864788844977181,34.74492997797417,65.961940058809,15.0
Italy,ITA,100.0,27.66462660791673,60.21351299285889,37.97413823529411,98.50187265917604,48.7778391845,8.778491396247535,19.860192463453533,33.84890939220276,65.1987324004699,16.0
Portugal,PRT,100.0,19.860300127713227,71.29828977584837,39.6385,92.05243399973668,40.386170176808825,15.95620117388454,18.678120802370728,29.303859927231382,65.0982982470366,17.0
Poland,POL,99.97043036343848,14.316237687604511,60.37513291835785,40.79836264705882,99.77528432781776,38.43759518283824,10.062046566959886,13.75678555837635,34.002705295775506,64.7685414918136,18.0
Aruba,ABW,99.4852132742317,21.323959538565223,72.33910590410234,44.94190476190476,96.99999919991366,39.707312041,,,17.397671138536463,64.35201421514084,19.0
Serbia,SRB,99.86693663547317,9.476309759916514,45.31562237618491,55.635000000000005,97.75280898876406,59.6815925,9.333439063912689,12.027903917610251,33.24981072351792,64.0411292818236,20.0
Hungary,HUN,99.9940860726877,15.641067055631645,63.28946919441224,44.19327942857143,98.98876233047316,35.59602630258824,11.456329058085224,18.27501098350553,27.12308221860271,64.02277969243735,21.0
Malta,MLT,100.0,20.780451187842893,69.56865181922913,49.49516666666667,90.99438270826018,37.2710811955,7.94559816362286,9.422439623842376,21.14530050357093,63.49672438339017,22.0
Uruguay,URY,98.48570214083364,12.765019624157755,60.83685576915741,40.09491935483872,98.10393258426969,37.46764459322058,3.2101080566544384,6.3040078837479845,29.359051653105297,63.230922505695325,23.0
Croatia,HRV,99.98225821806308,15.377030199476748,59.59073508679867,40.89650625,97.9213471716263,34.35343968601471,8.386362595359257,15.097415014535825,29.39197104798776,62.88268074193341,24.0
Malaysia,MYS,99.40515747783746,12.698128605281674,69.35922298431396,46.32073181818181,92.29534510433386,37.95053151238236,5.477489672891605,14.309421915206308,18.31058625006872,62.79889197169104,25.0
Bahrain,BHR,99.99683259813445,30.73573307156177,59.22180428504944,52.2143,90.85393327005794,44.15429389929412,1.886901541270936,1.5916724676082876,22.772345496851827,62.167091104293895,26.0
Argentina,ARG,97.00410306424172,13.765600928192235,48.24501374140382,35.89440878787879,96.06741573033707,37.608791212808825,5.012216204457975,8.19063693679834,43.65039239063294,61.90575051924997,27.0
Brunei Darussalam,BRN,100.0,53.68107482360978,69.58481075763703,48.95333333333333,92.86235852187936,35.97707417948529,1.6878195155239786,1.3603296551735071,12.00387727210021,61.86249059948703,28.0
Qatar,QAT,100.0,59.23741774749018,64.7307874441147,50.95733333333333,93.03370786516854,40.806100746750005,3.494062159257713,9.093834376517735,10.6661133831746,61.09900451870564,29.0
Russian Federation,RUS,99.21936159477592,16.661752780457405,41.58963457942009,36.83460221212121,99.625468164794,43.05182478755882,15.620127573952574,17.775708838684736,38.94388476930871,60.982826170859965,30.0
Antigua and Barbuda,ATG,98.2457977345532,14.562319826817555,56.23747805058956,40.413,98.87640449438204,58.85108452433333,,,10.704733047763396,60.63887513369279,31.0
Georgia,GEO,99.88270710830598,6.189319534168535,53.76957859992981,28.55396,99.69745250230426,33.41642928208824,7.347734736772093,4.084082870301192,29.82413638409962,60.52615742171795,32.0
Bulgaria,BGR,96.07019530097432,11.395123394887882,49.630148170888425,34.27177625,97.91011167376227,37.49300380489706,8.422676585861753,9.79368456540324,32.80099955388587,60.1367665888876,33.0
Costa Rica,CRI,99.24178523583508,9.853432412542835,55.4997334510088,34.35729121212121,96.26966326424242,33.21366391877941,1.7476067075574635,6.612038863638414,26.246601524151146,60.021549618896245,34.0
Turkiye,TUR,99.89946323569085,11.359018790185743,51.68782655633986,34.755941212121215,90.93632958801498,28.322461890970587,4.733726322485422,13.177340437776504,33.73601436692682,59.14918522573613,35.0
Kuwait,KWT,100.0,33.76994719588095,49.86257636640221,46.223659375,92.69662921348316,44.80249361572059,1.1401413494458204,2.3298401336031245,20.197640213868556,59.14711327614295,36.0
Seychelles,SYC,96.77247650049408,12.935103222105337,62.13332409858704,40.00682142857143,91.62921262591072,41.027206764970586,0.701579152458907,5.398915951877771,12.065740287824225,58.89159590182206,37.0
Mauritius,MUS,99.33110216335068,9.643367156330283,65.48681195974349,31.46344827586207,88.28339594580262,35.61083960008824,2.636175429607333,5.208559612098773,14.884839007225668,58.612444092639166,38.0
Ukraine,UKR,99.85510878084855,8.57000191777236,37.75767338275909,26.32928365625,99.61586141407712,35.46425521785294,5.435557631779816,12.292314364637209,39.42993825173388,58.40619848338956,39.0
Kazakhstan,KAZ,99.76787574538548,12.77485360673426,41.89171269834041,34.39200712903226,99.88248160715855,34.69662933780882,2.883948457159808,3.012096929915178,28.129302706235816,57.94933004575592,40.0
Thailand,THA,96.77863451026067,8.59077290294082,54.25668418109417,25.635394005882358,92.41015916460016,38.827049877102944,4.29717172043616,8.502506787476607,24.488194069330333,57.90688125689727,41.0
Belarus,BLR,96.58766394080088,10.53639636042817,33.2421879529953,37.72002164285714,100.0,30.809087630808826,7.269267331915149,10.720004970554626,40.320985576586594,57.71580462205287,42.0
Oman,OMN,99.9940860726877,23.00544234289853,54.983839619159696,42.5201,89.8876404494382,38.56893911908824,1.4351562184776847,3.7374679424827337,14.35989176520639,57.703483170530816,43.0
Palau,PLW,98.48861378458648,9.63824915954235,47.9826538451016,17.2,98.31460674157304,41.83312368421053,,,26.1071474893036,57.55661874355975,44.0
Romania,ROU,98.27609018846351,13.522092721690804,46.48760504312813,33.6794375,97.75280898876406,33.14978891432353,4.809227666209923,7.577534727283857,24.521651036022693,57.501129435441264,45.0
Saudi Arabia,SAU,99.9940860726877,33.50426013000026,50.26386533677578,42.05516,85.01872659176031,45.28838012611765,4.1931587836462905,6.326438156526704,20.86351885290389,57.4758823466417,46.0
Trinidad and Tobago,TTO,98.65113174551878,15.18268979060682,54.92216802984476,41.48236666666666,97.1348323179095,38.582065116691176,2.579259570179918,1.2604651420951,4.389984190526484,56.83961824931199,47.0
Armenia,ARM,99.53920649691636,5.271205906308491,45.43845508694649,28.38865870967742,99.7752808988764,28.77579463170588,5.527156515815351,3.758774643069926,23.707488339072544,56.7034939280022,48.0
Maldives,MDV,95.96596233209496,8.769237803522367,51.49027434587479,28.17752941176471,96.70129459300144,41.156809983882354,,,14.98690983908782,56.53853776226551,49.0
Moldova,MDA,99.60376687007567,5.578752446630963,38.83970272541046,29.663516935483877,98.3520593536034,27.236895464911765,3.960444384096122,6.193660401908688,32.56607286726613,56.524158396077446,50.0
North Macedonia,MKD,99.67473399782332,8.747279572504924,45.65831454917789,42.38602333333333,95.35580467195548,29.366693517058824,3.311511985621164,5.277165069721566,18.89273468505378,56.39076829340904,51.0
Panama,PAN,85.12308451976273,12.153514486278295,52.21694948673248,31.617507741935484,92.35955056179776,40.45265708839706,0.5391334100154832,3.299215438777491,23.82231913156477,56.266090471353294,52.0
Jordan,JOR,99.20232196537224,4.946671750975823,52.25734435021877,32.60457,93.03812498456976,26.09872184932353,3.9401811341168846,7.968228646099103,18.844786821313917,56.19159592846962,53.0
Albania,ALB,99.81371128966244,5.5504252107427225,44.32736855745316,32.59368,97.43749639961158,28.40563713910294,0.744960290022151,1.9190029491721727,21.185498505535605,55.87842952775239,54.0
Colombia,COL,95.94983082658511,7.573179554274728,47.10679793264717,31.044387096774194,92.62640449438204,33.095543117588235,0.3389028752770457,3.599229795415964,21.903424829882603,55.48913299343873,55.0
China,CHN,99.07841299383271,5.35638484744392,53.70492522753775,27.99902465625,89.04494382022472,25.358094271367648,4.854849760062162,26.06270444542475,15.951915545654984,54.62307702189705,56.0
Mexico,MEX,98.09581674620289,11.248288269070114,51.03990727961063,28.22867,92.13483146067416,25.747747706588235,1.4338048984430944,5.685863056831107,16.148663414903556,54.528690077607465,57.0
Azerbaijan,AZE,99.58981000161864,7.5590930555359135,39.32827859222889,38.812266896551726,99.91356957649091,26.66335444647059,8.509741098452633,3.9614185604873775,16.06926585194413,54.51467036828926,58.0
Brazil,BRA,96.48641018737892,8.924655220991255,45.31961400210857,32.50562911764706,89.86587095796392,30.09340952894118,2.9059900479357075,18.59047235739737,20.603732983134027,54.1566896815124,59.0
Dominican Republic,DOM,92.84355825697548,7.904871814733938,41.51099306177348,33.53630666666667,89.83146067415731,23.81953147810294,0.0834879271275249,,30.401104743071038,54.086378901912326,60.0
Cuba,CUB,98.14425889212676,,43.30545692872256,24.53410639,99.24944331136984,8.224267597941177,10.332136669504107,7.739741949888437,26.885481808630026,54.05082548879375,61.0
Lebanon,LBN,99.56852971983984,7.164113416443333,40.95946840941905,38.89605333333333,90.2621722846442,18.113210886469695,,,24.70951695634814,53.87041083050952,62.0
Kyrgyz Republic,KGZ,99.51293317417289,2.471598294742745,35.73889436721802,28.085844444444447,99.1011230240154,27.85792043822059,,2.4374494554100625,22.671788411453495,53.81062234329072,63.0
Mongolia,MNG,84.67233247469937,5.318214960918836,41.87761689424515,22.58630807692308,97.72369299042091,29.33229268558824,2.5469198597597917,3.2189234674475875,26.218536953467307,53.15056015979496,64.0
Bosnia and Herzegovina,BIH,99.70134667072868,5.8466373012031845,34.23478338718413,35.53836206896552,95.38023359320135,26.83142871883824,1.5655542840546277,2.335470541067811,21.58576297653497,53.144076240132975,65.0
Philippines,PHL,82.99385585942693,3.354591399314691,50.404986484348775,22.281204516129037,94.63171036204744,30.362321120558825,0.4682716820803677,2.3153968403496923,18.87544916361337,53.016109468802185,66.0
West Bank and Gaza,PSE,99.57038975043272,2.638129226131265,33.025079965591424,39.8912,94.44444444444444,22.61136119642857,1.2010269915609435,4.960357923256315,23.016589436286814,52.934291349751874,67.0
Viet Nam,VNM,94.92365395984584,3.738831333794594,46.72863623797893,30.83276603448276,92.35955056179776,32.753921730500004,3.0604786376241417,5.27410774866871,10.046779932066697,52.76064202874278,68.0
South Africa,ZAF,80.23429762548103,7.024521081285968,55.62260808348656,25.677711764705883,90.2375696303693,38.774696191941175,1.9728577284843205,11.43253867265042,11.188280650771013,52.67120751658656,69.0
Samoa,WSM,92.29991450674216,2.913373138193782,56.99605217855424,18.305928571428574,98.339959476771,11.913825033,,,7.759615127121769,52.3358905018713,70.0
Tunisia,TUN,97.55360540181046,5.806150959444625,52.72781602796167,29.03799612903226,76.70674613352573,31.797099700029413,8.045474363447914,10.88965772710521,15.11225640428754,52.26230490773081,71.0
Ecuador,ECU,96.36366970462632,6.297345952451207,38.36664770841599,26.54748,91.6432584269663,25.70149217125,0.664882353561781,3.4351658007395955,22.394516777903988,52.078664640897,72.0
Peru,PER,82.46788338574427,5.9232067925449865,43.14081662595272,29.198738709677414,90.6367041198502,28.57406540361765,,1.836542648514423,20.910549762266687,51.24211785210271,73.0
Suriname,SUR,95.72212287682189,10.951820904223393,42.85214341506362,28.011033333333334,92.80898876404495,35.822950318588234,,,5.345047124196645,51.08555982812966,74.0
Jamaica,JAM,89.00654175403997,5.355210765129481,55.33095964435488,29.569509677419354,77.52808988764045,32.34315618702941,,0.8246034169677445,11.008672032273113,51.08234014462231,75.0
"Iran, Islamic Rep.",IRN,99.2752974906048,7.095739740785982,38.29212712049484,26.42709638709677,78.74974454386852,25.819273326897054,5.042055666939591,8.402906776160071,25.0804209409144,50.45499647207039,76.0
Indonesia,IDN,86.98038433335724,4.70124678254362,46.14309891313314,17.052701935483874,91.72625127681307,29.17251203732353,1.145361873558654,2.764013198366888,13.589142782476957,50.26843258742562,77.0
Paraguay,PRY,94.91154203174229,6.763530759378052,33.144606137275694,28.51948275862069,93.34485738980122,32.16249920227941,0.5999094922092426,1.4717446438893538,13.859747068768776,50.03200192688429,78.0
"Venezuela, RB",VEN,99.08785507382314,,25.83167185783384,20.714822222222224,94.46629192052262,25.353896676367647,0.9158356068859228,4.846395040032322,25.73829173253425,49.96888484600229,79.0
El Salvador,SLV,88.54528359736348,4.621575807828553,43.62245090678334,20.220806896551725,83.97003745318352,40.12310868947059,0.3007858251040058,1.8672152419351609,14.450146817865068,49.90583367911231,80.0
Tonga,TON,91.54364538869848,3.0986705522188926,45.43147228332237,18.22751851851852,97.1801397773657,16.49833727560606,,,8.96216709342493,49.79046183270595,81.0
Uzbekistan,UZB,99.69635054548256,2.945236467312757,33.356276607513415,24.99432733333333,99.87515605493134,19.50224936813235,2.709688929740351,3.136071806579571,8.198574147377284,49.35792544430904,82.0
Sri Lanka,LKA,87.76802700905223,5.049057267788182,46.29008214734495,13.12319,90.60265577119507,27.72661998658824,0.5252522683078688,2.054750299449516,10.578473025130103,49.05893134611794,83.0
Tajikistan,TJK,98.9946323569084,1.201011935967239,29.258049249649048,14.657470833333331,99.26966120687766,22.82160124845455,,1.471515555622416,14.284679756051556,48.62248256671315,84.0
Marshall Islands,MHL,85.27837087315862,2.392145726333948,35.367951289211454,16.477596875,97.75280898876406,5.656984202652174,,,20.952384419689515,47.58824024273258,85.0
Algeria,DZA,99.12868137598728,7.367192518267124,38.47678751945496,21.69233454838709,71.7437744140625,27.251416747382358,2.444924727600784,3.860620654185992,17.613081477853317,47.25424539422194,86.0
Belize,BLZ,85.3347659498611,6.27236513117392,45.78405286073685,29.926014285714285,78.2082546962781,16.951815741166666,,,12.72090239801962,47.11984252921101,87.0
Cabo Verde,CPV,79.24334720200476,3.0638253058172658,50.36134938413108,28.850142857142856,78.00234676746841,25.26357846786765,0.4714925213162594,1.0106754696278897,7.521437371682362,46.992968386664685,88.0
Guyana,GUY,81.27959694166096,7.502041362141634,45.744140695035455,25.69178965517241,84.9163184005223,21.44497767684375,,,6.034681627237737,46.53185145376163,89.0
"Egypt, Arab Rep.",EGY,98.37349830025632,6.473977990716933,41.33888014554977,23.6021455,65.23876404494382,22.269110647411765,3.0710837046383457,8.492208133139718,17.57997037106556,46.24161727936895,90.0
Turkmenistan,TKM,99.81568259876654,5.068854658887976,26.11688566207886,5.02805,99.10112445274098,18.77032867182258,,1.821809855484952,8.793780498690811,45.46039266280332,91.0
Gabon,GAB,85.22528467839975,11.738194332692272,35.11520305871964,24.236793103448274,80.00902754537174,33.647752125,,8.259614434612343,6.12365187775807,44.57758387391066,92.0
Morocco,MAR,82.78092302562358,3.511911216306982,46.05897989869118,36.534433,57.07162899917432,32.03542297925,4.020586560576801,8.33466367074529,11.831905708847245,44.56957596804564,93.0
Botswana,BWA,42.431728143005735,8.129456794342103,58.671470534801486,22.40811290322581,76.33827009451078,37.88367368089706,0.8382477727442545,7.455795995661508,8.69758399442443,44.06897633135056,94.0
Libya,LBY,80.70950834818,9.40648660933862,23.71933202743529,22.514666666666667,73.59550561797752,35.9840573105625,,,27.18854648683865,44.042942077771976,95.0
Bhutan,BTN,77.240989979514,4.598583962756088,59.413263297081,28.78823076923077,57.050561369135146,19.837237720588234,,,6.212683719185603,43.9546601878434,96.0
Guatemala,GTM,83.18637524008243,5.286995737552521,36.07642395496369,17.752333333333333,73.76773384179961,32.13959216775,0.0890298761420948,0.620083618563042,9.847015273632476,43.20920464794804,97.0
Honduras,HND,76.00463668316722,2.7200503247175174,36.243915510177615,17.378216666666667,84.06537282941777,21.692659474941177,0.527345105891563,0.6249330292965102,9.767738054408044,43.13538417094543,98.0
Syrian Arab Republic,SYR,90.72967252432623,3.722418819270519,25.744603705406192,11.724876666666669,84.353933441505,17.188616563691177,0.5266963482253049,0.6784395857076929,14.424221366489622,42.6925820896352,99.0
Namibia,NAM,41.786833787966245,5.13423714275299,53.75392774045467,17.820899999999998,81.51383989312676,25.52874994402941,0.9027815680280936,6.205948794371253,8.384262693623196,42.02109251506154,100.0
Iraq,IRQ,98.62599755444148,5.993322151535078,21.594264698028574,20.17258333333333,77.97752808988764,21.46770928970588,1.0608775704403153,0.5691013351717292,8.068430479006839,41.565686783756185,101.0
Nicaragua,NIC,77.99514905188346,2.957259133656746,33.285655403137206,14.24371935483871,76.63466207097086,25.04376239425,0.3259778622674285,1.305307312985429,9.49699587745161,41.17576597316019,102.0
India,IND,74.32098406959483,2.509483887843966,50.45305649098009,8.987248354838709,61.42322097378277,17.66118401475,0.8411003145298352,12.057414753211708,11.154465135006417,40.94179219190096,103.0
Sao Tome and Principe,STP,63.93662483593521,2.3746894249640724,35.75782186985016,23.336629629629627,81.03461676322566,17.173171029411765,,,6.222946873184558,40.03244198603901,104.0
Ghana,GHA,58.92563558918988,2.289791708272663,46.833986507356165,16.9391566,64.57089627726694,25.85701663047059,0.2059854365919364,4.965579202210829,6.698529752947621,39.0808444943075,105.0
Eswatini,SWZ,53.12054460900813,4.13880351025761,37.7750180721283,17.606434333333333,84.58575988083746,22.050583442602942,0.6585383492824716,4.358309423314248,2.866119660682376,38.867913895280886,106.0
Equatorial Guinea,GNQ,65.61642660626741,10.872846085839509,26.15159764289857,15.950233333333331,90.09580719337036,9.08137693639394,,,2.218809706337096,37.34644780857897,107.0
Lao PDR,LAO,64.31193564398113,2.438478176176546,34.79967677593232,17.007905925925925,68.34798356694547,15.21424576825,0.0483579045949285,0.5264558012992212,5.907185844083473,36.41995859220364,108.0
Pakistan,PAK,84.62272210599447,2.1221731697811443,37.3891163110733,8.757238379310344,48.95666131621188,15.88960559039706,1.112322754026446,3.568947695743222,4.392116408347673,35.175127335550144,109.0
Vanuatu,VUT,38.66106572060118,1.57298104106186,40.93572689592838,15.024441379310344,76.38202110033357,16.87870561032353,,,2.635600083199064,35.02693051774219,110.0
Cambodia,KHM,45.07947384333462,1.838306867895694,34.60549602508544,14.396708888888888,73.13304108180357,26.127882183058823,0.0897935114995046,1.3065782351631503,4.495848224197188,34.99153205116647,111.0
Myanmar,MMR,56.06124496505104,1.5378204774706017,22.370241832733157,13.90333868,82.97797785269633,16.664580652352942,0.0777913285196254,1.185811111835451,5.701881721884414,34.794511051092385,112.0
Kenya,KEN,33.11433455442054,2.199234552769017,39.63081357479096,7.959861740740741,76.33990598528574,21.24612836852941,0.7843862395035682,9.331038699920782,3.7037956564829,33.80419291614156,113.0
"Korea, Dem. People's Rep.",PRK,41.69537915164138,,15.021844959259024,0.0,99.9989841761214,2.516275765625,,,17.376732932177394,33.73653911078323,114.0
Cameroon,CMR,49.61370253998119,2.163830633682038,32.367617797851565,12.657248928571429,68.71396182628159,17.91256417775,,,6.1703890285924485,33.56781131206702,115.0
Zimbabwe,ZWE,38.39534367451152,1.6577995728131694,26.26023206710816,11.12915870967742,86.3716125488281,18.785172369382355,0.4450248511983659,,4.55476044552651,33.50106727473067,116.0
Lesotho,LSO,24.58067064074544,1.0365081185440386,39.41563874185085,15.25538724137931,79.03062284662482,18.82412042754412,0.034010235793661,0.5546687214624453,2.807787054621847,33.3166430287162,117.0
Timor-Leste,TLS,57.47713772907171,1.8824816655109156,29.830467863516365,14.414238095238096,51.1638495627414,31.926135681818185,,,10.928249541089166,33.13164482371159,118.0
Bangladesh,BGD,52.07083837864191,2.138386212343983,34.946926188468936,11.097022535714286,58.15919750574887,19.52233846064706,,,7.726766360573516,32.78648617681414,119.0
Nepal,NPL,60.416979503977416,1.463256152272373,33.170488357543945,11.295201029411764,52.689795904838185,20.772341595181818,0.2680519788806924,3.32296827904189,5.723401050345171,32.24456266847862,120.0
Senegal,SEN,49.41402297123098,1.6567979552424372,44.3801372691989,16.224269766666666,40.53135366313182,23.73519410908824,1.8405243342695956,7.144235071618319,5.76135672576367,31.76162622833896,121.0
"Congo, Rep.",COG,40.24346071374327,4.157995860335651,25.844423866272,7.61528962962963,76.0004393616866,23.27498511392424,0.2522059552658595,6.284712088043227,3.974909301442663,31.581722280610727,122.0
Cote d'Ivoire,CIV,57.0377076236404,2.536371198479389,32.70174087285994,12.870013666666669,45.42888439294806,26.491285936176467,0.289682817835368,1.0693738498144048,4.47065930169471,30.647130060973915,123.0
Rwanda,RWA,19.02185675932638,0.6797767650882006,44.067696345597504,9.195082607142856,66.27852943506133,15.054394388941176,0.1733435295079221,12.117186279010571,3.0063041594950013,30.152117018818004,124.0
Nigeria,NGA,47.7920654718767,2.3469967239483736,29.21879816055298,13.492594137931034,54.1686276945601,18.524684240455883,0.1192635333465693,3.373823673165344,5.922183563208407,29.693399450312143,125.0
Tanzania,TZA,18.02961947287475,1.1532898834392582,37.918922996521,6.552029655172413,71.86981886960149,16.919434119338234,0.1089843356306572,6.684237389294392,1.2479547288662465,29.154874767206078,126.0
Zambia,ZMB,25.82837068093021,1.3691337342792005,34.13615322113037,7.125585806451613,68.66121858501894,17.821240399191176,0.2283057838777864,0.7591824319455016,1.791651741572527,28.9935505933047,127.0
Mauritania,MRT,34.50029805258252,2.9480632289379445,35.94196238517761,9.843348928571428,53.20326987277255,25.40041198529412,,0.0789849999045507,2.4728341894487125,28.820132208012588,128.0
Angola,AGO,36.56549075276651,4.135412321854623,28.157540988922115,12.233929172413792,63.94265849938554,12.01836708667647,0.1384349471874005,0.4464731272196786,2.908392490112254,28.31964868395409,129.0
"Gambia, The",GMB,41.65645734878459,1.2225007395318186,36.26292178630829,12.793000666666668,42.58757459090442,24.223897623272727,0.30022147531461,0.6478432893450727,1.0809126070410613,27.7495863174778,130.0
Uganda,UGA,17.74355327764913,0.8422414251078781,38.47543470859527,3.621484814814815,65.92155934145515,13.324296227558824,0.1045760123623255,4.721443797235391,1.81848315387064,27.522978272098708,131.0
Comoros,COM,61.57264921468836,1.26786233951558,18.135155677795385,7.732366666666667,54.64649414748288,14.54194738235294,,,2.731273662847813,27.4726712686202,132.0
Madagascar,MDG,18.738202657429984,0.6653002175589967,32.5024736404419,4.005951724137931,67.19856445900318,10.303633025264707,0.1594151032061183,1.9577102430997075,2.1179574327970285,26.23061166202528,133.0
Togo,TGO,36.254780591966096,0.9638848088008828,26.99857969284057,6.971702941176471,54.6816479400749,14.801223284485294,0.1496019958302706,2.7923000541615584,4.60330325235446,26.222144873057104,134.0
Sudan,SDN,37.73363538890021,1.756280479851905,22.257320308685312,6.394717368421053,53.44463734144577,15.668526230969698,,5.715687441219607,7.305575827803355,25.58074237929526,135.0
"Yemen, Rep.",YEM,58.105861817203134,,21.85733613967896,8.455575875,38.82022386186578,11.466563534911764,,,5.147859206704814,24.966043862205503,136.0
Papua New Guinea,PNG,14.744121090889507,1.8451024171207329,36.49315917491913,6.3372882142857145,58.30100413118854,8.896699455691177,0.1358281104595398,0.4346669586706337,1.6045462790452871,24.839416806407662,137.0
Eritrea,ERI,38.74952559592011,,21.378279590606702,3.5230460714285714,60.51330280661136,5.116477484375,,,1.4925257189926653,24.422116797740856,138.0
Benin,BEN,31.25547122865851,1.3036326012888952,40.044749844074246,7.983489310344828,28.323644696231064,19.670468767264705,,,4.554138591515543,24.04046061062761,139.0
Malawi,MWI,7.309559548251569,0.4932838331900947,36.712356209754944,4.6860025,60.829756233129615,9.27520066589706,0.171033923061748,,0.3033968518875627,23.89727391826961,140.0
Mozambique,MOZ,17.85931502436878,0.3162242611534174,36.74710924625397,5.097839310344828,46.62921348314607,10.916211319227273,0.1040655672507235,5.143636509907472,1.9568398209497144,23.18429028899517,141.0
"Congo, Dem. Rep.",COD,13.668242681355414,0.3967878330393311,16.858891487121593,5.926446275862069,68.96977228171815,9.748916242758066,0.0207961060576415,2.497446359662758,2.921590475033073,22.21076807719597,142.0
Afghanistan,AFG,58.04265702831072,1.0827989276819243,19.060242223739607,7.2388825,25.75050239705861,12.950465411764707,,,3.161234075449078,21.27274119585952,143.0
Ethiopia,ETH,29.737368843436087,0.5261884798566231,35.17307941913605,4.605562410714286,30.895713206087624,6.546675971390625,0.1849179157642536,4.800093352599815,1.6804722637152607,20.884336113470496,144.0
Guinea-Bissau,GNB,17.409048120025393,0.9423049727116553,23.115398168563843,7.229232142857143,42.517832423863766,17.867375564705885,,,1.4081216211112788,19.68505833989608,145.0
Guinea,GIN,29.81729557106187,1.2815644653292315,29.005536270141604,6.671805064516128,23.84456963128365,18.00062165,,,3.411204321953356,19.64237586529369,146.0
Mali,MLI,26.83421711357021,1.0458723777558188,31.05398564338684,8.50030551724138,19.943820224719104,21.607327745939397,0.1449909016219106,4.732559558459612,1.9406458182413515,19.17628551279241,147.0
Burundi,BDI,5.66445735754093,0.2848866666209519,23.969067955017096,2.040734823529412,54.290166521148926,9.17749975832353,0.0753115267250553,2.551077003630403,1.7540121681002443,19.17259478842054,148.0
Liberia,LBR,15.35987230631223,0.5434335239421291,22.346888351440438,7.0099226923076925,38.900246780909896,10.6935499546875,,,6.932175389215955,18.827534632531638,149.0
Sierra Leone,SLE,17.115815890790344,1.1277900891941446,24.949248218536383,4.7872125,33.590366492110704,16.787011783333334,,,0.9757499645231013,17.875330157912742,150.0
Burkina Faso,BFA,12.341595757513575,0.7270078500211361,35.67488360404968,4.12479175862069,18.126392461915056,16.9641720435,0.2027867692150069,3.618843445704039,2.194830427380747,16.943101222710688,151.0
Niger,NER,11.346848567381448,0.5021024706826787,34.45937914848328,4.385477142857143,19.1292130545284,9.532530073984848,0.027251094703376,,1.2448402548815114,15.78348345579422,152.0
Central African Republic,CAF,9.149237029504182,0.4228954417869773,18.90360069274906,1.555594,33.63716897000088,6.324470750287879,,,1.1741436739154023,13.848554731424937,153.0
Chad,TCD,6.349132751484395,0.9954559080491528,23.309017562866217,3.357243857142857,15.073982593909871,9.62421561764706,0.2533982994053155,4.906382159159085,1.0797973758728117,11.30852624487474,154.0
South Sudan,SSD,4.016959721314105,,6.863375810476431,4.52125,22.203796901059945,13.428376923076922,,,0.4980045852464171,8.653710900385189,155.0
Africa Eastern and Southern,AFE,32.18150550516573,1.778220561534125,,,61.08401286546869,15.146054903861929,,10.208343290940082,3.540215874797449,,
Africa Western and Central,AFW,42.03903777497001,2.0009220362770064,,,45.9431205139362,19.18007597415461,,2.4391727205595948,4.077507104678616,,
American Samoa,ASM,,,59.214075937867165,0.0,,1.2322897324666668,0.933754005352548,5.212303464303697,,,
Andorra,AND,100.0,32.753260806199414,81.37082443237304,57.00777777777778,,33.10025136904412,,,9.87958456294496,,
Anguilla,AIA,,,74.5409264564514,,,,,,,,
Arab World,ARB,85.38848909486079,7.9064072686288975,,,64.40610791072103,24.00496971958156,,10.70715229915041,13.353573247616154,,
Australia,AUS,100.0,28.072425242278285,83.15996866226195,57.24822580645161,,36.09667139827941,19.462099560149063,32.19298044954514,51.02784636327446,,
Austria,AUT,100.0,32.1273249826383,82.96742115020754,54.12905714285714,,44.97368018604412,23.097231506946866,42.328841840716784,40.29394301723046,,
"Bahamas, The",BHS,100.0,18.611987288304327,67.72463955879212,45.01566666666667,,29.407106053757573,,,8.600644535183973,,
Barbados,BRB,99.99338761996862,10.17313201341878,72.10903210639954,48.45665833333333,,33.75285281912121,,,26.70588712644184,,
Belgium,BEL,100.0,30.34386797356272,80.3854069709778,52.60906205882353,,35.84886108270588,19.722059203180667,37.64430783717727,38.77926050879229,,
Bermuda,BMU,100.0,54.87128487289393,72.69478721618651,62.71,,33.756010797741936,,3.166946833961693,19.185293125474544,,
Bolivia,BOL,80.59840827811205,3.967233478389472,39.63506145477295,23.45929333333333,89.01373283395756,22.617968670272727,0.4345112862422646,4.584559765129352,,,
British Virgin Islands,VGB,97.81588979867507,,,40.2875,,56.41183201463159,,,25.418455280140076,,
Canada,CAN,100.0,28.74788123847368,85.16593408584595,59.52726470588235,,26.109112146632352,21.195936578481888,30.02420076558423,43.68167606613824,,
Caribbean small states,CSS,94.43424881422612,11.714940464173116,,,87.36000328921202,27.216892030350213,,,8.940460307917487,,
Central Europe and the Baltics,CEB,99.35405472928257,14.92265726363974,,,98.93364370538949,36.24584073476064,9.730198876926885,15.40931649706204,30.5363032032344,,
Channel Islands,CHI,100.0,,,,,,,,,,
Cook Islands,COK,,,43.917149841785424,,,,,,,,
Curacao,CUW,99.9379037632208,17.81931526322924,,65.0,,55.44868,,,11.569871624676612,,
Czechia,CZE,100.0,20.617905357145283,68.33298010826113,46.48628125,,41.13348870772059,13.558182987674243,24.16516129922711,27.7503707734978,,
Denmark,DNK,100.0,33.77987178353288,89.91211347579956,64.16389428571429,,42.66566352666177,30.92736631283528,43.72623883884752,40.61771943893865,,
Djibouti,DJI,58.51644555007975,2.942221409387546,32.10381278991701,18.00226,,7.656425697367648,,,0.8913556643115259,,
Dominica,DMA,91.2928170056502,8.504499161457664,58.0743551671505,41.36389285714286,,34.40404239534848,,,4.319738432241421,,
Early-demographic dividend,EAR,76.88556889237107,4.204042344295691,,,67.98096913339599,20.654904723321696,1.474611494610839,11.11125828380583,11.990106421278742,,
East Asia & Pacific,EAS,95.74523858263493,7.11863335113712,,,90.13229339861824,28.1014592070232,6.842162679807535,39.17344548557257,16.964093362211266,,
East Asia & Pacific (IDA & IBRD countries),TEA,95.7042487273963,5.139764271565774,,,90.14296270094404,26.792525868115533,4.458745518418736,23.855335427271527,15.04345779857688,,
East Asia & Pacific (excluding high income),EAP,95.27010060817533,5.0781259989418,,,90.27184954716998,25.47776382395416,4.458745518418736,23.855335427271527,15.067275699144076,,
Euro area,EMU,99.99731723325738,27.10816142562082,,,,39.62875965620936,16.0766300303026,32.835116509041065,35.98040079608293,,
Europe & Central Asia,ECS,99.71184409252326,19.57625854654695,,,97.23974820826383,37.535057896374205,13.491673453152783,30.287897591557307,33.49354980122175,,
Europe & Central Asia (IDA & IBRD countries),TEC,99.42457928146494,11.988981052526713,,,97.63281721983694,34.617341557981895,9.48660353746794,13.741993806875122,32.07391693127373,,
Europe & Central Asia (excluding high income),ECA,99.58000643780808,8.449890553386536,,,95.9829593918139,28.280689316441496,5.240430400862573,10.67830013095472,27.465719518677496,,
European Union,EUU,99.84332416819096,24.7712342984602,,,,38.98249367184342,15.157143611859151,32.57510416811962,34.82767381392719,,
Faroe Islands,FRO,100.0,35.0894749215846,,57.1175,,36.6885032895,9.075359489985482,14.085769668864716,,,
Fiji,FJI,86.44060358208174,5.743669186161785,46.72907150313258,25.1964409375,,24.88012153180303,,,34.30418193372337,,
Finland,FIN,100.0,28.123985474104813,90.40469713211056,60.58179411764706,,47.247724124661765,36.87807059938601,51.865148988240406,50.20019077764273,,
Fragile and conflict affected situations,FCS,48.63721739476481,2.595831162658985,,,58.540257128042974,16.04373320690847,,4.417956840206527,7.452597290632898,,
France,FRA,100.0,26.98134523700952,78.66761016845705,47.59978823529412,,33.75262905775,18.77819254813324,35.91668274882583,33.30887958744432,,
French Guiana,GUF,,,70.95370650291443,,,,,,,,
French Polynesia,PYF,100.0,,,29.812391304347823,,27.640665658838238,,,0.8672332766465912,,
Germany,DEU,100.0,30.64576294902877,80.75314455032347,55.85937142857143,,40.25785167105882,20.12992883621561,44.5672001933594,35.130096287137086,,
Gibraltar,GIB,99.92311894494004,,,38.13777777777778,,30.69789802573437,,,,,
Greenland,GRL,100.0,30.52235027110441,67.31604146957396,44.078744,,32.532640960234374,2.9959731147121813,9.21235346903885,,,
Grenada,GRD,89.65899973294275,7.150373232605515,54.4369389494881,27.25379411764706,,26.28492050659091,,,51.930271638621015,,
Guam,GUM,99.98608238205908,,55.50021224841476,37.06032,99.19100986437854,7.553811360366667,1.4253044135603024,4.216191786937025,,,
Haiti,HTI,37.42450007541147,1.60071603141975,15.89978451728818,9.577799166666669,54.32197377922829,13.825194707121211,,,,,
Heavily indebted poor countries (HIPC),HPC,32.19893559410935,1.1319138718569053,,,49.44126535076538,13.78440856429199,,,3.258440480488859,,
High income,HIC,99.77906700891992,25.93791523025673,,77.03,,34.25416507106482,17.738711667041752,39.54924907579829,38.89669153325928,,
"Hong Kong SAR, China",HKG,100.0,28.84462028178315,82.8777203559875,52.598558823529416,,74.08309645413236,14.95424445301819,12.488424264904117,35.49202823541719,,
IBRD only,IBD,92.3826347231584,5.806295012235422,,,81.99659197517997,25.57663987225018,3.3396039509379007,18.60689358008245,16.08251644458715,,
IDA & IBRD total,IBT,82.20962198946803,4.787631179717747,,,76.6091598238444,23.3043032126675,3.1684338774634315,18.706735839484136,12.87213820225419,,
IDA blend,IDB,65.66897965697856,2.298871050459574,,,56.27183743998143,17.822503929811973,0.8179448661145117,4.22781985252304,4.373775584096561,,
IDA only,IDX,42.42619443533464,1.4100572811980885,,,53.49889025338343,15.710323363821171,,,4.568137776901604,,
IDA total,IDA,49.897123969198624,1.7156147515320053,,,54.41939107487711,16.423205653790294,,,4.500940184160807,,
Iceland,ISL,100.0,30.33797652993147,83.38417491912844,67.78838235294117,,40.46971444952941,31.766671705320658,39.42964526726892,35.8105333381608,,
Ireland,IRL,100.0,37.35433830412641,79.96450538635254,48.41075882352941,,37.15767369302941,18.084744075892527,20.776910707981425,34.34168698178766,,
Isle of Man,IMN,100.0,,,,,,,,,,
Israel,ISR,100.0,20.58165446059418,73.99683818817141,43.41214705882353,,45.2241274187647,,69.41916415928671,31.770728008899077,,
Japan,JPN,100.0,23.192061504699407,78.8599732875824,54.61701176470588,,40.784762833544114,25.989838511552176,51.59837392251541,31.236181309449154,,
"Jersey, Channel Islands",JEY,,,75.37065212543195,,,,,,,,
Kiribati,KIR,76.18954298611403,1.140502924057504,42.12715413421392,13.299875,97.70753839042754,7.158728776102941,,,,,
Kosovo,XKX,100.0,5.744874138099564,43.16421878006723,86.65,,15.820342857142858,,,,,
Late-demographic dividend,LTE,98.16031880536735,7.279658711800854,,,91.17302752770264,27.59937553976023,5.68178034713393,22.84514026330584,18.530521932533897,,
Latin America & Caribbean,LCN,94.28982801056048,9.083589036005694,,,89.54015102752061,28.98872577990583,2.315671090355981,10.574282485472008,21.26048608336096,,
Latin America & Caribbean (excluding high income),LAC,93.85079905489468,8.791581879793274,,,89.00168016109733,27.82752931083964,2.464079678877646,11.266746133118096,20.04083817107224,,
Latin America & the Caribbean (IDA & IBRD countries),TLA,94.20351989308796,9.028421859571507,,,89.26999532695804,29.37845885701873,2.30857193889014,10.632189247517712,20.996640970260326,,
Least developed countries: UN classification,LDC,37.70592194549279,1.2625138229045496,,,50.30181251924243,13.746099320916237,,,3.851167432393288,,
Liechtenstein,LIE,100.0,,83.66087083816527,75.66666666666667,,43.66371530111111,95.21659486382792,97.4906065530694,21.147618431814237,,
Low & middle income,LMY,82.17367566220403,4.333878801199213,,,76.29093288666196,21.678292985766483,2.873881539810004,18.660921537822045,12.586723941105422,,
Low income,LIC,29.67734812442432,1.0074923829692506,,10.575,49.17647052268201,14.228514507025045,,,3.9364624079317303,,
Lower middle income,LMC,69.57371023567129,2.6392183071966424,,23.475,62.15270786827476,22.681238947237247,1.300546817346394,9.163798878323924,8.823719687781757,,
Luxembourg,LUX,100.0,67.89755029459799,85.02602624893187,61.62444117647058,,47.74448522113236,23.57435794008998,22.42923850275102,7.876470803654833,,
Martinique,MTQ,,,66.50519018173217,,,,,,,,
"Micronesia, Fed. Sts.",FSM,66.61341618566658,1.8233818221270388,47.39928272366524,17.246115384615386,,6.044051774193549,,,8.025868096881727,,
"Middle East, North Africa, Afghanistan & Pakistan",MEA,90.68091075311968,6.374225855333861,,,69.55608499026503,26.47882911572026,3.3027568689884057,17.168066780658172,16.328288971274933,,
"Middle East, North Africa, Afghanistan & Pakistan (IDA & IBRD)",TMN,89.87240082322153,4.349357081226927,,,66.69304186511498,23.92050370423867,2.9154154025967904,7.202671206451561,15.671174953900277,,
"Middle East, North Africa, Afghanistan & Pakistan (excluding high income)",MNA,89.93671300831785,4.337340370015521,,,66.92753178507621,23.190215603870023,2.9134528260762997,7.203445529463824,15.730542484901836,,
Middle income,MIC,86.51299220580985,4.631423150431935,,,78.2597785742962,22.790025171880004,3.25123153558926,19.39315543387985,13.552727645243955,,
Monaco,MCO,100.0,,88.39791033003065,72.82916666666667,,28.989844243941175,1.4377015694587345,0.542086559160277,32.015696812114456,,
Nauru,NRU,99.3418984917438,6.347620635109888,45.43758618207101,45.965,,19.776290375545454,,,,,
Netherlands,NLD,100.0,33.30385104675432,86.48501663208006,62.00691176470588,,39.766775242485295,19.23108745331497,31.99841647326629,36.156250374895066,,
Netherlands Antilles,ANT,,,66.3730306625366,,,,,,,,
New Caledonia,NCL,99.98608238205908,,,31.80770347826087,96.23595677065045,23.842650165833334,,,,,
New Zealand,NZL,100.0,22.728587992234043,83.9040936470032,59.7729393939394,,37.786965720941176,19.047359619274616,19.90972094508597,40.90772922521154,,
Niue,NIU,,,42.65403423990521,,,,,,,,
North America,NAC,100.0,33.024993094988616,,,98.54954208774068,31.887424400305605,18.882168351124506,44.6130900662742,48.14941578227996,,
Northern Mariana Islands,MNP,99.9606498145069,,,0.0,,5.967551189,,,,,
Norway,NOR,100.0,45.51282460609837,87.47222223281862,66.09961764705884,,39.91210216865152,27.73720781251615,28.635305933088645,42.82050956066085,,
OECD members,OED,99.67874537910843,24.40943450232641,,,96.83023517051438,34.948751243050246,15.999690650383345,39.68621057026558,36.202826155914295,,
Other small states,OSS,82.69720946167752,10.598929881742912,,,78.46225352769488,30.4875161468075,,18.26337250207323,8.292166585794618,,
Pacific island small states,PSS,71.405087928235,3.3839123624908853,,,,16.745080458058972,,,7.560655994850595,,
Post-demographic dividend,PST,99.91722826287445,26.93025834209789,,,,36.32540481764409,18.693108817243772,41.086477246482126,40.28797038197122,,
Pre-demographic dividend,PRE,35.84515464685718,1.7280626039591176,,,52.474697992963975,15.300677509854928,,,3.50883489726148,,
Puerto Rico,PRI,,,58.11958080530166,,,,,,,,
Puerto Rico (US),PRI,99.99926500033632,21.74723009552825,,37.247596551724136,90.56179818142668,29.101124144750003,1.4599668998255886,7.219007493077508,54.58213512960911,,
Reunion,REU,,,69.71535724401473,,,,,,,,
Sint Maarten (Dutch part),SXM,99.9379037632208,27.2586563654592,,,,100.4825,,,2.315591139586735,,
Slovak Republic,SVK,99.9940860726877,14.814039241292354,63.27093882560731,51.84190909090909,,37.42566783332353,12.10702554186402,11.99280552209088,24.67482511413651,,
Small states,SST,84.09338859470178,9.917975871126286,,,81.0255863772113,29.288958947644836,,13.084132059548775,8.599943580283112,,
Solomon Islands,SLB,39.45676053302409,1.1768418513556231,31.72363460063935,9.791363333333331,74.15730337078651,11.831412634348483,,,,,
Somalia,SOM,34.9401463964351,0.2888862402178798,7.9465884208679105,2.4506608,48.31460674157304,8.830710779411765,,,,,
South Asia,SAS,71.98638695599794,2.490485754403743,,,56.80481267148741,17.74771544132057,0.8372029640279854,11.871614493032643,8.66204841169849,,
South Asia (IDA & IBRD),TSA,71.98638695599794,2.490485754403743,,,56.80481267148741,17.74771544132057,0.8372029640279854,11.871614493032643,8.66204841169849,,
St. Kitts and Nevis,KNA,96.78334363671236,13.044253972723368,64.8762107938528,43.8351724137931,,49.49237108548276,,,26.17397569031191,,
St. Lucia,LCA,94.94383856161852,11.22953681076364,59.38405844196676,32.7356,,32.34011720318333,,6.957414611689021,8.918088441625653,,
St. Martin (French part),MAF,99.9379037632208,,,,,,,,,,
St. Vincent and the Grenadines,VCT,87.5396305443902,6.903470341302222,60.9294096454978,29.102933333333333,,31.88532854240909,,1.1897635475370834,14.6767651515796,,
Sub-Saharan Africa,SSF,36.040291159529176,1.86759971440314,,,55.010365336759165,16.784273106422486,,7.284375406527884,3.7539341764366543,,
Sub-Saharan Africa (IDA & IBRD countries),TSS,36.040291159529176,1.86759971440314,,,55.010365336759165,16.784273106422486,,7.284375406527884,3.7539341764366543,,
Sub-Saharan Africa (excluding high income),SSA,36.762750032306194,2.0144002533878664,,,55.00498605893294,16.164188647218744,,7.4021005325969345,3.754076857416057,,
Sweden,SWE,100.0,29.688841807698868,86.44232034683229,64.35335294117647,,43.90657802870588,30.94612635513291,55.71505176695191,38.91456149579227,,
Switzerland,CHE,100.0,40.79844551549997,89.16260108947753,59.691647058823534,,41.90182133723529,22.24995810533029,46.90258801070273,28.730967643921872,,
"Taiwan, China",TWN,,,73.02362585067749,,,,,,,,
Turks and Caicos Islands,TCA,96.35731080495424,12.3071928875468,,0.0,,12.14052,,,6.901367503555579,,
Tuvalu,TUV,97.22686091780568,1.9599149997112624,38.94463582709431,25.8816,,12.9440240625,,,,,
United Kingdom,GBR,100.0,25.781220288399,81.64948387145996,57.55565882352941,,41.5067876729853,18.505533777322626,31.32788211539228,33.77408801822642,,
United States,USA,100.0,33.500639513673896,80.16360902786255,56.206911764705886,,32.53244078408824,18.62578484323567,45.89190616382267,48.71354622525787,,
Upper middle income,UMC,97.75410227278056,6.611311368186219,,46.67,89.68744901971004,29.968522003497675,4.463037214752112,20.72006260333466,17.773937466811986,,
Virgin Islands (U.S.),VIR,100.0,29.035736097638864,70.65010780096054,26.73564,,25.772896708214287,,0.5356568899973638,26.362352675492488,,
World,WLD,84.01071090007927,8.472664590097656,,40.63,80.14115927948987,29.39583643829725,6.376245441071989,34.830418160868675,16.13102370180128,,
